Workbook

Sheet MRI
A1: Rank | B1: Team | C1: Conference | D1: W | E1: L | F1: MRI
A2: =RANK(F2,F$2:F$352) -> 220 | B2: Abilene Christian | C2: =VLOOKUP(B2,'Team Data'!$A$2:$T$659,19,FALSE()) -> Southland | D2: =VLOOKUP(B2,'Team Data'!$A$2:$T$659,2,FALSE()) -> 16 | E2: =VLOOKUP(B2,'Team Data'!$A$2:$T$659,3,FALSE()) -> 16 | F2: =VLOOKUP(B2,'Team Data'!$A$2:$T$659,20,FALSE()) -> 16.790575
A3: =RANK(F3,F$2:F$352) -> 275 | B3: Air Force | C3: =VLOOKUP(B3,'Team Data'!$A$2:$T$659,19,FALSE()) -> Mountain West | D3: =VLOOKUP(B3,'Team Data'!$A$2:$T$659,2,FALSE()) -> 12 | E3: =VLOOKUP(B3,'Team Data'!$A$2:$T$659,3,FALSE()) -> 19 | F3: =VLOOKUP(B3,'Team Data'!$A$2:$T$659,20,FALSE()) -> -11.066422
A4: =RANK(F4,F$2:F$352) -> 266 | B4: Akron | C4: =VLOOKUP(B4,'Team Data'!$A$2:$T$659,19,FALSE()) -> MAC | D4: =VLOOKUP(B4,'Team Data'!$A$2:$T$659,2,FALSE()) -> 14 | E4: =VLOOKUP(B4,'Team Data'!$A$2:$T$659,3,FALSE()) -> 18 | F4: =VLOOKUP(B4,'Team Data'!$A$2:$T$659,20,FALSE()) -> -5.6445401
A5: =RANK(F5,F$2:F$352) -> 84 | B5: Alabama | C5: =VLOOKUP(B5,'Team Data'!$A$2:$T$659,19,FALSE()) -> SEC | D5: =VLOOKUP(B5,'Team Data'!$A$2:$T$659,2,FALSE()) -> 20 | E5: =VLOOKUP(B5,'Team Data'!$A$2:$T$659,3,FALSE()) -> 16 | F5: =VLOOKUP(B5,'Team Data'!$A$2:$T$659,20,FALSE()) -> 80.71429
A6: =RANK(F6,F$2:F$352) -> 351 | B6: Alabama A&M | C6: =VLOOKUP(B6,'Team Data'!$A$2:$T$659,19,FALSE()) -> SWAC | D6: =VLOOKUP(B6,'Team Data'!$A$2:$T$659,2,FALSE()) -> 3 | E6: =VLOOKUP(B6,'Team Data'!$A$2:$T$659,3,FALSE()) -> 28 | F6: =VLOOKUP(B6,'Team Data'!$A$2:$T$659,20,FALSE()) -> -125.81915
A7: =RANK(F7,F$2:F$352) -> 336 | B7: Alabama State | C7: =VLOOKUP(B7,'Team Data'!$A$2:$T$659,19,FALSE()) -> SWAC | D7: =VLOOKUP(B7,'Team Data'!$A$2:$T$659,2,FALSE()) -> 8 | E7: =VLOOKUP(B7,'Team Data'!$A$2:$T$659,3,FALSE()) -> 23 | F7: =VLOOKUP(B7,'Team Data'!$A$2:$T$659,20,FALSE()) -> -63.644418
A8: =RANK(F8,F$2:F$352) -> 339 | B8: Alcorn State | C8: =VLOOKUP(B8,'Team Data'!$A$2:$T$659,19,FALSE()) -> SWAC | D8: =VLOOKUP(B8,'Team Data'!$A$2:$T$659,2,FALSE()) -> 11 | E8: =VLOOKUP(B8,'Team Data'!$A$2:$T$659,3,FALSE()) -> 21 | F8: =VLOOKUP(B8,'Team Data'!$A$2:$T$659,20,FALSE()) -> -65.776702
A9: =RANK(F9,F$2:F$352) -> 326 | B9: American University | C9: =VLOOKUP(B9,'Team Data'!$A$2:$T$659,19,FALSE()) -> Patriot | D9: =VLOOKUP(B9,'Team Data'!$A$2:$T$659,2,FALSE()) -> 6 | E9: =VLOOKUP(B9,'Team Data'!$A$2:$T$659,3,FALSE()) -> 24 | F9: =VLOOKUP(B9,'Team Data'!$A$2:$T$659,20,FALSE()) -> -46.848905
A10: =RANK(F10,F$2:F$352) -> 214 | B10: App State | C10: =VLOOKUP(B10,'Team Data'!$A$2:$T$659,19,FALSE()) -> Sun Belt | D10: =VLOOKUP(B10,'Team Data'!$A$2:$T$659,2,FALSE()) -> 15 | E10: =VLOOKUP(B10,'Team Data'!$A$2:$T$659,3,FALSE()) -> 18 | F10: =VLOOKUP(B10,'Team Data'!$A$2:$T$659,20,FALSE()) -> 21.192514
A11: =RANK(F11,F$2:F$352) -> 24 | B11: Arizona | C11: =VLOOKUP(B11,'Team Data'!$A$2:$T$659,19,FALSE()) -> Pac-12 | D11: =VLOOKUP(B11,'Team Data'!$A$2:$T$659,2,FALSE()) -> 26 | E11: =VLOOKUP(B11,'Team Data'!$A$2:$T$659,3,FALSE()) -> 8 | F11: =VLOOKUP(B11,'Team Data'!$A$2:$T$659,20,FALSE()) -> 136.06536
A12: =RANK(F12,F$2:F$352) -> 52 | B12: Arizona State | C12: =VLOOKUP(B12,'Team Data'!$A$2:$T$659,19,FALSE()) -> Pac-12 | D12: =VLOOKUP(B12,'Team Data'!$A$2:$T$659,2,FALSE()) -> 20 | E12: =VLOOKUP(B12,'Team Data'!$A$2:$T$659,3,FALSE()) -> 12 | F12: =VLOOKUP(B12,'Team Data'!$A$2:$T$659,20,FALSE()) -> 105.7004
A13: =RANK(F13,F$2:F$352) -> 55 | B13: Arkansas | C13: =VLOOKUP(B13,'Team Data'!$A$2:$T$659,19,FALSE()) -> SEC | D13: =VLOOKUP(B13,'Team Data'!$A$2:$T$659,2,FALSE()) -> 23 | E13: =VLOOKUP(B13,'Team Data'!$A$2:$T$659,3,FALSE()) -> 12 | F13: =VLOOKUP(B13,'Team Data'!$A$2:$T$659,20,FALSE()) -> 102.95742
... A352: =RANK(F352,F$2:F$352) -> 323 | B352: Youngstown State | C352: =VLOOKUP(B352,'Team Data'!$A$2:$T$659,19,FALSE()) -> Horizon | D352: =VLOOKUP(B352,'Team Data'!$A$2:$T$659,2,FALSE()) -> 8 | E352: =VLOOKUP(B352,'Team Data'!$A$2:$T$659,3,FALSE()) -> 24 | F352: =VLOOKUP(B352,'Team Data'!$A$2:$T$659,20,FALSE()) -> -42.199477

Sheet About
A1: MRI 2017–18
A3: 5968 games, 351 D1 teams.
A5: MISSING BOX SCORES
A6: 52 of these 5968 games have a score but no rebound or
A7: turnover counts in the source data. Their Reb and TO cells are blank
A8: rather than zero, and column Y of Team Data counts the games that do
A9: have counts - that is what RDPG and TODPG divide by, so a missing box
A10: score costs a team nothing but the statistics it never reported.
A12: WHAT IS LIVE
A13: Games, Team Data and MRI carry the original formulas. Correct a score on
A14: the Games sheet and the whole season re-rates, exactly as the 2003-2019
A15: workbooks did. Only columns A-J and Date are data; K through T are formulas.
... A29: Generated by github.com/bmiraski/mri_ratings

Sheet Games
A1: Team1 | B1: Team2 | C1: Pnt1 | D1: Pnt2 | E1: Reb1 | F1: Reb2 | G1: TO1 | H1: TO2 | I1: WT1 | J1: WT2 | K1: T1W | L1: T1L | M1: T2W | N1: T2L | O1: T1OW | P1: T1OL | Q1: T2OW | R1: T2OL | S1: T1Point | T1: T2Point | U1: Date
A2: Spring Arbor | B2: Eastern Michigan | C2: 60 | D2: 92 | E2: 38 | F2: 37 | G2: 24 | H2: 8 | I2: 0 | J2: 1 | K2: =VLOOKUP(A2,'Team Data'!$A$1:$E$659,2,FALSE()) -> 0 | L2: =VLOOKUP(A2,'Team Data'!$A$1:$E$659,3,FALSE()) -> 1 | M2: =VLOOKUP(B2,'Team Data'!$A$1:$E$659,2,FALSE()) -> 22 | N2: =VLOOKUP(B2,'Team Data'!$A$1:$E$659,3,FALSE()) -> 13 | O2: =VLOOKUP(A2,'Team Data'!$A$1:$E$659,4,FALSE()) -> 22 | P2: =VLOOKUP(A2,'Team Data'!$A$1:$E$659,5,FALSE()) -> 13 | Q2: =VLOOKUP(B2,'Team Data'!$A$1:$E$659,4,FALSE()) -> 536 | R2: =VLOOKUP(B2,'Team Data'!$A$1:$E$659,5,FALSE()) -> 497 | S2: =IF(I2=1,(MIN(30,(C2-D2)))*(M2/(M2+N2))*(Q2/(Q2+R2)),(MAX(-30,(C2-D2)))*(N2/(M2+N2))*(R2/(R2+Q2))) -> -5.3610842 | T2: =IF(J2=1,(MIN(30,(D2-C2)))*(K2/(K2+L2))*(O2/(O2+P2)),(MAX(-30,(D2-C2)))*(L2/(K2+L2))*(P2/(P2+O2))) -> 0 | U2: 43049
A3: Webber International | B3: Stetson | C3: 89 | D3: 98 | E3: 39 | F3: 45 | G3: 15 | H3: 13 | I3: 0 | J3: 1 | K3: =VLOOKUP(A3,'Team Data'!$A$1:$E$659,2,FALSE()) -> 0 | L3: =VLOOKUP(A3,'Team Data'!$A$1:$E$659,3,FALSE()) -> 4 | M3: =VLOOKUP(B3,'Team Data'!$A$1:$E$659,2,FALSE()) -> 12 | N3: =VLOOKUP(B3,'Team Data'!$A$1:$E$659,3,FALSE()) -> 20 | O3: =VLOOKUP(A3,'Team Data'!$A$1:$E$659,4,FALSE()) -> 62 | P3: =VLOOKUP(A3,'Team Data'!$A$1:$E$659,5,FALSE()) -> 69 | Q3: =VLOOKUP(B3,'Team Data'!$A$1:$E$659,4,FALSE()) -> 427 | R3: =VLOOKUP(B3,'Team Data'!$A$1:$E$659,5,FALSE()) -> 489 | S3: =IF(I3=1,(MIN(30,(C3-D3)))*(M3/(M3+N3))*(Q3/(Q3+R3)),(MAX(-30,(C3-D3)))*(N3/(M3+N3))*(R3/(R3+Q3))) -> -3.0028657 | T3: =IF(J3=1,(MIN(30,(D3-C3)))*(K3/(K3+L3))*(O3/(O3+P3)),(MAX(-30,(D3-C3)))*(L3/(K3+L3))*(P3/(P3+O3))) -> 0 | U3: 43049
A4: Trevecca Nazarene | B4: Middle Tennessee | C4: 52 | D4: 104 | E4: 27 | F4: 40 | G4: 22 | H4: 8 | I4: 0 | J4: 1 | K4: =VLOOKUP(A4,'Team Data'!$A$1:$E$659,2,FALSE()) -> 0 | L4: =VLOOKUP(A4,'Team Data'!$A$1:$E$659,3,FALSE()) -> 1 | M4: =VLOOKUP(B4,'Team Data'!$A$1:$E$659,2,FALSE()) -> 25 | N4: =VLOOKUP(B4,'Team Data'!$A$1:$E$659,3,FALSE()) -> 8 | O4: =VLOOKUP(A4,'Team Data'!$A$1:$E$659,4,FALSE()) -> 25 | P4: =VLOOKUP(A4,'Team Data'!$A$1:$E$659,5,FALSE()) -> 8 | Q4: =VLOOKUP(B4,'Team Data'!$A$1:$E$659,4,FALSE()) -> 610 | R4: =VLOOKUP(B4,'Team Data'!$A$1:$E$659,5,FALSE()) -> 461 | S4: =IF(I4=1,(MIN(30,(C4-D4)))*(M4/(M4+N4))*(Q4/(Q4+R4)),(MAX(-30,(C4-D4)))*(N4/(M4+N4))*(R4/(R4+Q4))) -> -3.1304643 | T4: =IF(J4=1,(MIN(30,(D4-C4)))*(K4/(K4+L4))*(O4/(O4+P4)),(MAX(-30,(D4-C4)))*(L4/(K4+L4))*(P4/(P4+O4))) -> 0 | U4: 43049
A5: Lamar | B5: Tulsa | C5: 74 | D5: 67 | E5: 42 | F5: 28 | G5: 16 | H5: 15 | I5: 1 | J5: 0 | K5: =VLOOKUP(A5,'Team Data'!$A$1:$E$659,2,FALSE()) -> 19 | L5: =VLOOKUP(A5,'Team Data'!$A$1:$E$659,3,FALSE()) -> 14 | M5: =VLOOKUP(B5,'Team Data'!$A$1:$E$659,2,FALSE()) -> 19 | N5: =VLOOKUP(B5,'Team Data'!$A$1:$E$659,3,FALSE()) -> 12 | O5: =VLOOKUP(A5,'Team Data'!$A$1:$E$659,4,FALSE()) -> 451 | P5: =VLOOKUP(A5,'Team Data'!$A$1:$E$659,5,FALSE()) -> 488 | Q5: =VLOOKUP(B5,'Team Data'!$A$1:$E$659,4,FALSE()) -> 534 | R5: =VLOOKUP(B5,'Team Data'!$A$1:$E$659,5,FALSE()) -> 472 | S5: =IF(I5=1,(MIN(30,(C5-D5)))*(M5/(M5+N5))*(Q5/(Q5+R5)),(MAX(-30,(C5-D5)))*(N5/(M5+N5))*(R5/(R5+Q5))) -> 2.277368 | T5: =IF(J5=1,(MIN(30,(D5-C5)))*(K5/(K5+L5))*(O5/(O5+P5)),(MAX(-30,(D5-C5)))*(L5/(K5+L5))*(P5/(P5+O5))) -> -1.5433569 | U5: 43049
A6: Central Arkansas | B6: Baylor | C6: 66 | D6: 107 | E6: 21 | F6: 42 | G6: 12 | H6: 16 | I6: 0 | J6: 1 | K6: =VLOOKUP(A6,'Team Data'!$A$1:$E$659,2,FALSE()) -> 18 | L6: =VLOOKUP(A6,'Team Data'!$A$1:$E$659,3,FALSE()) -> 17 | M6: =VLOOKUP(B6,'Team Data'!$A$1:$E$659,2,FALSE()) -> 18 | N6: =VLOOKUP(B6,'Team Data'!$A$1:$E$659,3,FALSE()) -> 15 | O6: =VLOOKUP(A6,'Team Data'!$A$1:$E$659,4,FALSE()) -> 546 | P6: =VLOOKUP(A6,'Team Data'!$A$1:$E$659,5,FALSE()) -> 561 | Q6: =VLOOKUP(B6,'Team Data'!$A$1:$E$659,4,FALSE()) -> 668 | R6: =VLOOKUP(B6,'Team Data'!$A$1:$E$659,5,FALSE()) -> 423 | S6: =IF(I6=1,(MIN(30,(C6-D6)))*(M6/(M6+N6))*(Q6/(Q6+R6)),(MAX(-30,(C6-D6)))*(N6/(M6+N6))*(R6/(R6+Q6))) -> -5.2870594 | T6: =IF(J6=1,(MIN(30,(D6-C6)))*(K6/(K6+L6))*(O6/(O6+P6)),(MAX(-30,(D6-C6)))*(L6/(K6+L6))*(P6/(P6+O6))) -> 7.6097561 | U6: 43049
A7: Wheelock College | B7: New Hampshire | C7: 39 | D7: 95 | E7: 28 | F7: 49 | G7: 23 | H7: 12 | I7: 0 | J7: 1 | K7: =VLOOKUP(A7,'Team Data'!$A$1:$E$659,2,FALSE()) -> 0 | L7: =VLOOKUP(A7,'Team Data'!$A$1:$E$659,3,FALSE()) -> 1 | M7: =VLOOKUP(B7,'Team Data'!$A$1:$E$659,2,FALSE()) -> 10 | N7: =VLOOKUP(B7,'Team Data'!$A$1:$E$659,3,FALSE()) -> 21 | O7: =VLOOKUP(A7,'Team Data'!$A$1:$E$659,4,FALSE()) -> 10 | P7: =VLOOKUP(A7,'Team Data'!$A$1:$E$659,5,FALSE()) -> 21 | Q7: =VLOOKUP(B7,'Team Data'!$A$1:$E$659,4,FALSE()) -> 463 | R7: =VLOOKUP(B7,'Team Data'!$A$1:$E$659,5,FALSE()) -> 473 | S7: =IF(I7=1,(MIN(30,(C7-D7)))*(M7/(M7+N7))*(Q7/(Q7+R7)),(MAX(-30,(C7-D7)))*(N7/(M7+N7))*(R7/(R7+Q7))) -> -10.269851 | T7: =IF(J7=1,(MIN(30,(D7-C7)))*(K7/(K7+L7))*(O7/(O7+P7)),(MAX(-30,(D7-C7)))*(L7/(K7+L7))*(P7/(P7+O7))) -> 0 | U7: 43049
A8: Millsaps | B8: Jackson State | C8: 46 | D8: 84 | E8: 32 | F8: 39 | G8: 31 | H8: 14 | I8: 0 | J8: 1 | K8: =VLOOKUP(A8,'Team Data'!$A$1:$E$659,2,FALSE()) -> 0 | L8: =VLOOKUP(A8,'Team Data'!$A$1:$E$659,3,FALSE()) -> 2 | M8: =VLOOKUP(B8,'Team Data'!$A$1:$E$659,2,FALSE()) -> 12 | N8: =VLOOKUP(B8,'Team Data'!$A$1:$E$659,3,FALSE()) -> 20 | O8: =VLOOKUP(A8,'Team Data'!$A$1:$E$659,4,FALSE()) -> 28 | P8: =VLOOKUP(A8,'Team Data'!$A$1:$E$659,5,FALSE()) -> 36 | Q8: =VLOOKUP(B8,'Team Data'!$A$1:$E$659,4,FALSE()) -> 419 | R8: =VLOOKUP(B8,'Team Data'!$A$1:$E$659,5,FALSE()) -> 571 | S8: =IF(I8=1,(MIN(30,(C8-D8)))*(M8/(M8+N8))*(Q8/(Q8+R8)),(MAX(-30,(C8-D8)))*(N8/(M8+N8))*(R8/(R8+Q8))) -> -10.814394 | T8: =IF(J8=1,(MIN(30,(D8-C8)))*(K8/(K8+L8))*(O8/(O8+P8)),(MAX(-30,(D8-C8)))*(L8/(K8+L8))*(P8/(P8+O8))) -> 0 | U8: 43049
A9: Oglethorpe | B9: The Citadel | C9: 73 | D9: 109 | E9: 44 | F9: 50 | G9: 25 | H9: 16 | I9: 0 | J9: 1 | K9: =VLOOKUP(A9,'Team Data'!$A$1:$E$659,2,FALSE()) -> 0 | L9: =VLOOKUP(A9,'Team Data'!$A$1:$E$659,3,FALSE()) -> 1 | M9: =VLOOKUP(B9,'Team Data'!$A$1:$E$659,2,FALSE()) -> 11 | N9: =VLOOKUP(B9,'Team Data'!$A$1:$E$659,3,FALSE()) -> 21 | O9: =VLOOKUP(A9,'Team Data'!$A$1:$E$659,4,FALSE()) -> 11 | P9: =VLOOKUP(A9,'Team Data'!$A$1:$E$659,5,FALSE()) -> 21 | Q9: =VLOOKUP(B9,'Team Data'!$A$1:$E$659,4,FALSE()) -> 511 | R9: =VLOOKUP(B9,'Team Data'!$A$1:$E$659,5,FALSE()) -> 448 | S9: =IF(I9=1,(MIN(30,(C9-D9)))*(M9/(M9+N9))*(Q9/(Q9+R9)),(MAX(-30,(C9-D9)))*(N9/(M9+N9))*(R9/(R9+Q9))) -> -9.1970803 | T9: =IF(J9=1,(MIN(30,(D9-C9)))*(K9/(K9+L9))*(O9/(O9+P9)),(MAX(-30,(D9-C9)))*(L9/(K9+L9))*(P9/(P9+O9))) -> 0 | U9: 43049
A10: Campbell | B10: Penn State | C10: 75 | D10: 86 | E10: 37 | F10: 44 | G10: 18 | H10: 14 | I10: 0 | J10: 1 | K10: =VLOOKUP(A10,'Team Data'!$A$1:$E$659,2,FALSE()) -> 18 | L10: =VLOOKUP(A10,'Team Data'!$A$1:$E$659,3,FALSE()) -> 16 | M10: =VLOOKUP(B10,'Team Data'!$A$1:$E$659,2,FALSE()) -> 26 | N10: =VLOOKUP(B10,'Team Data'!$A$1:$E$659,3,FALSE()) -> 12 | O10: =VLOOKUP(A10,'Team Data'!$A$1:$E$659,4,FALSE()) -> 493 | P10: =VLOOKUP(A10,'Team Data'!$A$1:$E$659,5,FALSE()) -> 541 | Q10: =VLOOKUP(B10,'Team Data'!$A$1:$E$659,4,FALSE()) -> 700 | R10: =VLOOKUP(B10,'Team Data'!$A$1:$E$659,5,FALSE()) -> 549 | S10: =IF(I10=1,(MIN(30,(C10-D10)))*(M10/(M10+N10))*(Q10/(Q10+R10)),(MAX(-30,(C10-D10)))*(N10/(M10+N10))*(R10/(R10+Q10))) -> -1.5268636 | T10: =IF(J10=1,(MIN(30,(D10-C10)))*(K10/(K10+L10))*(O10/(O10+P10)),(MAX(-30,(D10-C10)))*(L10/(K10+L10))*(P10/(P10+O10))) -> 2.7765957 | U10: 43049
A11: Siena Heights | B11: Central Michigan | C11: 48 | D11: 108 | E11: 30 | F11: 45 | G11: 29 | H11: 11 | I11: 0 | J11: 1 | K11: =VLOOKUP(A11,'Team Data'!$A$1:$E$659,2,FALSE()) -> 0 | L11: =VLOOKUP(A11,'Team Data'!$A$1:$E$659,3,FALSE()) -> 3 | M11: =VLOOKUP(B11,'Team Data'!$A$1:$E$659,2,FALSE()) -> 21 | N11: =VLOOKUP(B11,'Team Data'!$A$1:$E$659,3,FALSE()) -> 15 | O11: =VLOOKUP(A11,'Team Data'!$A$1:$E$659,4,FALSE()) -> 46 | P11: =VLOOKUP(A11,'Team Data'!$A$1:$E$659,5,FALSE()) -> 54 | Q11: =VLOOKUP(B11,'Team Data'!$A$1:$E$659,4,FALSE()) -> 577 | R11: =VLOOKUP(B11,'Team Data'!$A$1:$E$659,5,FALSE()) -> 521 | S11: =IF(I11=1,(MIN(30,(C11-D11)))*(M11/(M11+N11))*(Q11/(Q11+R11)),(MAX(-30,(C11-D11)))*(N11/(M11+N11))*(R11/(R11+Q11))) -> -5.9312386 | T11: =IF(J11=1,(MIN(30,(D11-C11)))*(K11/(K11+L11))*(O11/(O11+P11)),(MAX(-30,(D11-C11)))*(L11/(K11+L11))*(P11/(P11+O11))) -> 0 | U11: 43049
A12: Walla Walla | B12: Eastern Washington | C12: 61 | D12: 82 | E12: 33 | F12: 45 | G12: 16 | H12: 10 | I12: 0 | J12: 1 | K12: =VLOOKUP(A12,'Team Data'!$A$1:$E$659,2,FALSE()) -> 0 | L12: =VLOOKUP(A12,'Team Data'!$A$1:$E$659,3,FALSE()) -> 2 | M12: =VLOOKUP(B12,'Team Data'!$A$1:$E$659,2,FALSE()) -> 20 | N12: =VLOOKUP(B12,'Team Data'!$A$1:$E$659,3,FALSE()) -> 15 | O12: =VLOOKUP(A12,'Team Data'!$A$1:$E$659,4,FALSE()) -> 30 | P12: =VLOOKUP(A12,'Team Data'!$A$1:$E$659,5,FALSE()) -> 37 | Q12: =VLOOKUP(B12,'Team Data'!$A$1:$E$659,4,FALSE()) -> 577 | R12: =VLOOKUP(B12,'Team Data'!$A$1:$E$659,5,FALSE()) -> 520 | S12: =IF(I12=1,(MIN(30,(C12-D12)))*(M12/(M12+N12))*(Q12/(Q12+R12)),(MAX(-30,(C12-D12)))*(N12/(M12+N12))*(R12/(R12+Q12))) -> -4.2661805 | T12: =IF(J12=1,(MIN(30,(D12-C12)))*(K12/(K12+L12))*(O12/(O12+P12)),(MAX(-30,(D12-C12)))*(L12/(K12+L12))*(P12/(P12+O12))) -> 0 | U12: 43049
A13: Bridgewater College (VA) | B13: James Madison | C13: 50 | D13: 80 | E13: 30 | F13: 53 | G13: 19 | H13: 20 | I13: 0 | J13: 1 | K13: =VLOOKUP(A13,'Team Data'!$A$1:$E$659,2,FALSE()) -> 0 | L13: =VLOOKUP(A13,'Team Data'!$A$1:$E$659,3,FALSE()) -> 2 | M13: =VLOOKUP(B13,'Team Data'!$A$1:$E$659,2,FALSE()) -> 10 | N13: =VLOOKUP(B13,'Team Data'!$A$1:$E$659,3,FALSE()) -> 22 | O13: =VLOOKUP(A13,'Team Data'!$A$1:$E$659,4,FALSE()) -> 25 | P13: =VLOOKUP(A13,'Team Data'!$A$1:$E$659,5,FALSE()) -> 40 | Q13: =VLOOKUP(B13,'Team Data'!$A$1:$E$659,4,FALSE()) -> 532 | R13: =VLOOKUP(B13,'Team Data'!$A$1:$E$659,5,FALSE()) -> 476 | S13: =IF(I13=1,(MIN(30,(C13-D13)))*(M13/(M13+N13))*(Q13/(Q13+R13)),(MAX(-30,(C13-D13)))*(N13/(M13+N13))*(R13/(R13+Q13))) -> -9.7395833 | T13: =IF(J13=1,(MIN(30,(D13-C13)))*(K13/(K13+L13))*(O13/(O13+P13)),(MAX(-30,(D13-C13)))*(L13/(K13+L13))*(P13/(P13+O13))) -> 0 | U13: 43049
... A523: Lakeland | B523: Green Bay | C523: 27 | D523: 98 | E523: 32 | F523: 71 | G523: 8 | H523: 13 | I523: 0 | J523: 1 | K523: =VLOOKUP(A523,'Team Data'!$A$1:$E$659,2,FALSE()) -> 0 | L523: =VLOOKUP(A523,'Team Data'!$A$1:$E$659,3,FALSE()) -> 1 | M523: =VLOOKUP(B523,'Team Data'!$A$1:$E$659,2,FALSE()) -> 13 | N523: =VLOOKUP(B523,'Team Data'!$A$1:$E$659,3,FALSE()) -> 20 | O523: =VLOOKUP(A523,'Team Data'!$A$1:$E$659,4,FALSE()) -> 13 | P523: =VLOOKUP(A523,'Team Data'!$A$1:$E$659,5,FALSE()) -> 20 | Q523: =VLOOKUP(B523,'Team Data'!$A$1:$E$659,4,FALSE()) -> 474 | R523: =VLOOKUP(B523,'Team Data'!$A$1:$E$659,5,FALSE()) -> 521 | S523: =IF(I523=1,(MIN(30,(C523-D523)))*(M523/(M523+N523))*(Q523/(Q523+R523)),(MAX(-30,(C523-D523)))*(N523/(M523+N523))*(R523/(R523+Q523))) -> -9.5203289 | T523: =IF(J523=1,(MIN(30,(D523-C523)))*(K523/(K523+L523))*(O523/(O523+P523)),(MAX(-30,(D523-C523)))*(L523/(K523+L523))*(P523/(P523+O523))) -> 0 | U523: 43057
A524: Long Island University | B524: Miami (OH) | C524: 74 | D524: 78 | I524: 0 | J524: 1 | K524: =VLOOKUP(A524,'Team Data'!$A$1:$E$659,2,FALSE()) -> 18 | L524: =VLOOKUP(A524,'Team Data'!$A$1:$E$659,3,FALSE()) -> 17 | M524: =VLOOKUP(B524,'Team Data'!$A$1:$E$659,2,FALSE()) -> 16 | N524: =VLOOKUP(B524,'Team Data'!$A$1:$E$659,3,FALSE()) -> 18 | O524: =VLOOKUP(A524,'Team Data'!$A$1:$E$659,4,FALSE()) -> 497 | P524: =VLOOKUP(A524,'Team Data'!$A$1:$E$659,5,FALSE()) -> 580 | Q524: =VLOOKUP(B524,'Team Data'!$A$1:$E$659,4,FALSE()) -> 575 | R524: =VLOOKUP(B524,'Team Data'!$A$1:$E$659,5,FALSE()) -> 481 | S524: =IF(I524=1,(MIN(30,(C524-D524)))*(M524/(M524+N524))*(Q524/(Q524+R524)),(MAX(-30,(C524-D524)))*(N524/(M524+N524))*(R524/(R524+Q524))) -> -0.96457219 | T524: =IF(J524=1,(MIN(30,(D524-C524)))*(K524/(K524+L524))*(O524/(O524+P524)),(MAX(-30,(D524-C524)))*(L524/(K524+L524))*(P524/(P524+O524))) -> 0.94930362 | U524: 43057
A525: IU Indianapolis | B525: Eastern Illinois | C525: 79 | D525: 80 | E525: 29 | F525: 26 | G525: 15 | H525: 10 | I525: 0 | J525: 1 | K525: =VLOOKUP(A525,'Team Data'!$A$1:$E$659,2,FALSE()) -> 11 | L525: =VLOOKUP(A525,'Team Data'!$A$1:$E$659,3,FALSE()) -> 19 | M525: =VLOOKUP(B525,'Team Data'!$A$1:$E$659,2,FALSE()) -> 12 | N525: =VLOOKUP(B525,'Team Data'!$A$1:$E$659,3,FALSE()) -> 19 | O525: =VLOOKUP(A525,'Team Data'!$A$1:$E$659,4,FALSE()) -> 459 | P525: =VLOOKUP(A525,'Team Data'!$A$1:$E$659,5,FALSE()) -> 467 | Q525: =VLOOKUP(B525,'Team Data'!$A$1:$E$659,4,FALSE()) -> 475 | R525: =VLOOKUP(B525,'Team Data'!$A$1:$E$659,5,FALSE()) -> 446 | S525: =IF(I525=1,(MIN(30,(C525-D525)))*(M525/(M525+N525))*(Q525/(Q525+R525)),(MAX(-30,(C525-D525)))*(N525/(M525+N525))*(R525/(R525+Q525))) -> -0.29680221 | T525: =IF(J525=1,(MIN(30,(D525-C525)))*(K525/(K525+L525))*(O525/(O525+P525)),(MAX(-30,(D525-C525)))*(L525/(K525+L525))*(P525/(P525+O525))) -> 0.18174946 | U525: 43057
A526: Drake | B526: Wake Forest | C526: 77 | D526: 74 | E526: 37 | F526: 33 | G526: 12 | H526: 12 | I526: 1 | J526: 0 | K526: =VLOOKUP(A526,'Team Data'!$A$1:$E$659,2,FALSE()) -> 17 | L526: =VLOOKUP(A526,'Team Data'!$A$1:$E$659,3,FALSE()) -> 17 | M526: =VLOOKUP(B526,'Team Data'!$A$1:$E$659,2,FALSE()) -> 11 | N526: =VLOOKUP(B526,'Team Data'!$A$1:$E$659,3,FALSE()) -> 20 | O526: =VLOOKUP(A526,'Team Data'!$A$1:$E$659,4,FALSE()) -> 569 | P526: =VLOOKUP(A526,'Team Data'!$A$1:$E$659,5,FALSE()) -> 514 | Q526: =VLOOKUP(B526,'Team Data'!$A$1:$E$659,4,FALSE()) -> 617 | R526: =VLOOKUP(B526,'Team Data'!$A$1:$E$659,5,FALSE()) -> 430 | S526: =IF(I526=1,(MIN(30,(C526-D526)))*(M526/(M526+N526))*(Q526/(Q526+R526)),(MAX(-30,(C526-D526)))*(N526/(M526+N526))*(R526/(R526+Q526))) -> 0.6273223 | T526: =IF(J526=1,(MIN(30,(D526-C526)))*(K526/(K526+L526))*(O526/(O526+P526)),(MAX(-30,(D526-C526)))*(L526/(K526+L526))*(P526/(P526+O526))) -> -0.71191136 | U526: 43057
A527: DePaul | B527: Illinois | C527: 73 | D527: 82 | E527: 36 | F527: 38 | G527: 17 | H527: 18 | I527: 0 | J527: 1 | K527: =VLOOKUP(A527,'Team Data'!$A$1:$E$659,2,FALSE()) -> 11 | L527: =VLOOKUP(A527,'Team Data'!$A$1:$E$659,3,FALSE()) -> 20 | M527: =VLOOKUP(B527,'Team Data'!$A$1:$E$659,2,FALSE()) -> 14 | N527: =VLOOKUP(B527,'Team Data'!$A$1:$E$659,3,FALSE()) -> 18 | O527: =VLOOKUP(A527,'Team Data'!$A$1:$E$659,4,FALSE()) -> 590 | P527: =VLOOKUP(A527,'Team Data'!$A$1:$E$659,5,FALSE()) -> 446 | Q527: =VLOOKUP(B527,'Team Data'!$A$1:$E$659,4,FALSE()) -> 590 | R527: =VLOOKUP(B527,'Team Data'!$A$1:$E$659,5,FALSE()) -> 445 | S527: =IF(I527=1,(MIN(30,(C527-D527)))*(M527/(M527+N527))*(Q527/(Q527+R527)),(MAX(-30,(C527-D527)))*(N527/(M527+N527))*(R527/(R527+Q527))) -> -2.1766304 | T527: =IF(J527=1,(MIN(30,(D527-C527)))*(K527/(K527+L527))*(O527/(O527+P527)),(MAX(-30,(D527-C527)))*(L527/(K527+L527))*(P527/(P527+O527))) -> 1.8187196 | U527: 43057
A528: New Mexico | B528: New Mexico State | C528: 56 | D528: 75 | E528: 25 | F528: 50 | G528: 17 | H528: 14 | I528: 0 | J528: 1 | K528: =VLOOKUP(A528,'Team Data'!$A$1:$E$659,2,FALSE()) -> 19 | L528: =VLOOKUP(A528,'Team Data'!$A$1:$E$659,3,FALSE()) -> 15 | M528: =VLOOKUP(B528,'Team Data'!$A$1:$E$659,2,FALSE()) -> 28 | N528: =VLOOKUP(B528,'Team Data'!$A$1:$E$659,3,FALSE()) -> 6 | O528: =VLOOKUP(A528,'Team Data'!$A$1:$E$659,4,FALSE()) -> 580 | P528: =VLOOKUP(A528,'Team Data'!$A$1:$E$659,5,FALSE()) -> 491 | Q528: =VLOOKUP(B528,'Team Data'!$A$1:$E$659,4,FALSE()) -> 515 | R528: =VLOOKUP(B528,'Team Data'!$A$1:$E$659,5,FALSE()) -> 512 | S528: =IF(I528=1,(MIN(30,(C528-D528)))*(M528/(M528+N528))*(Q528/(Q528+R528)),(MAX(-30,(C528-D528)))*(N528/(M528+N528))*(R528/(R528+Q528))) -> -1.6715734 | T528: =IF(J528=1,(MIN(30,(D528-C528)))*(K528/(K528+L528))*(O528/(O528+P528)),(MAX(-30,(D528-C528)))*(L528/(K528+L528))*(P528/(P528+O528))) -> 5.7499863 | U528: 43057
A529: UC Irvine | B529: Kansas State | C529: 49 | D529: 71 | E529: 39 | F529: 37 | G529: 17 | H529: 8 | I529: 0 | J529: 1 | K529: =VLOOKUP(A529,'Team Data'!$A$1:$E$659,2,FALSE()) -> 18 | L529: =VLOOKUP(A529,'Team Data'!$A$1:$E$659,3,FALSE()) -> 17 | M529: =VLOOKUP(B529,'Team Data'!$A$1:$E$659,2,FALSE()) -> 25 | N529: =VLOOKUP(B529,'Team Data'!$A$1:$E$659,3,FALSE()) -> 12 | O529: =VLOOKUP(A529,'Team Data'!$A$1:$E$659,4,FALSE()) -> 605 | P529: =VLOOKUP(A529,'Team Data'!$A$1:$E$659,5,FALSE()) -> 465 | Q529: =VLOOKUP(B529,'Team Data'!$A$1:$E$659,4,FALSE()) -> 699 | R529: =VLOOKUP(B529,'Team Data'!$A$1:$E$659,5,FALSE()) -> 540 | S529: =IF(I529=1,(MIN(30,(C529-D529)))*(M529/(M529+N529))*(Q529/(Q529+R529)),(MAX(-30,(C529-D529)))*(N529/(M529+N529))*(R529/(R529+Q529))) -> -3.1097441 | T529: =IF(J529=1,(MIN(30,(D529-C529)))*(K529/(K529+L529))*(O529/(O529+P529)),(MAX(-30,(D529-C529)))*(L529/(K529+L529))*(P529/(P529+O529))) -> 6.3973298 | U529: 43057
A530: Alcorn State | B530: Baylor | C530: 61 | D530: 78 | E530: 27 | F530: 49 | G530: 12 | H530: 10 | I530: 0 | J530: 1 | K530: =VLOOKUP(A530,'Team Data'!$A$1:$E$659,2,FALSE()) -> 11 | L530: =VLOOKUP(A530,'Team Data'!$A$1:$E$659,3,FALSE()) -> 21 | M530: =VLOOKUP(B530,'Team Data'!$A$1:$E$659,2,FALSE()) -> 18 | N530: =VLOOKUP(B530,'Team Data'!$A$1:$E$659,3,FALSE()) -> 15 | O530: =VLOOKUP(A530,'Team Data'!$A$1:$E$659,4,FALSE()) -> 370 | P530: =VLOOKUP(A530,'Team Data'!$A$1:$E$659,5,FALSE()) -> 552 | Q530: =VLOOKUP(B530,'Team Data'!$A$1:$E$659,4,FALSE()) -> 668 | R530: =VLOOKUP(B530,'Team Data'!$A$1:$E$659,5,FALSE()) -> 423 | S530: =IF(I530=1,(MIN(30,(C530-D530)))*(M530/(M530+N530))*(Q530/(Q530+R530)),(MAX(-30,(C530-D530)))*(N530/(M530+N530))*(R530/(R530+Q530))) -> -2.9960003 | T530: =IF(J530=1,(MIN(30,(D530-C530)))*(K530/(K530+L530))*(O530/(O530+P530)),(MAX(-30,(D530-C530)))*(L530/(K530+L530))*(P530/(P530+O530))) -> 2.3451057 | U530: 43057
A531: Concordia-St. Paul | B531: Milwaukee | C531: 69 | D531: 55 | E531: 37 | F531: 38 | G531: 16 | H531: 14 | I531: 1 | J531: 0 | K531: =VLOOKUP(A531,'Team Data'!$A$1:$E$659,2,FALSE()) -> 1 | L531: =VLOOKUP(A531,'Team Data'!$A$1:$E$659,3,FALSE()) -> 2 | M531: =VLOOKUP(B531,'Team Data'!$A$1:$E$659,2,FALSE()) -> 16 | N531: =VLOOKUP(B531,'Team Data'!$A$1:$E$659,3,FALSE()) -> 17 | O531: =VLOOKUP(A531,'Team Data'!$A$1:$E$659,4,FALSE()) -> 44 | P531: =VLOOKUP(A531,'Team Data'!$A$1:$E$659,5,FALSE()) -> 53 | Q531: =VLOOKUP(B531,'Team Data'!$A$1:$E$659,4,FALSE()) -> 503 | R531: =VLOOKUP(B531,'Team Data'!$A$1:$E$659,5,FALSE()) -> 522 | S531: =IF(I531=1,(MIN(30,(C531-D531)))*(M531/(M531+N531))*(Q531/(Q531+R531)),(MAX(-30,(C531-D531)))*(N531/(M531+N531))*(R531/(R531+Q531))) -> 3.3310273 | T531: =IF(J531=1,(MIN(30,(D531-C531)))*(K531/(K531+L531))*(O531/(O531+P531)),(MAX(-30,(D531-C531)))*(L531/(K531+L531))*(P531/(P531+O531))) -> -5.0996564 | U531: 43057
A532: South Carolina State | B532: UCLA | C532: 68 | D532: 96 | E532: 30 | F532: 51 | G532: 10 | H532: 12 | I532: 0 | J532: 1 | K532: =VLOOKUP(A532,'Team Data'!$A$1:$E$659,2,FALSE()) -> 10 | L532: =VLOOKUP(A532,'Team Data'!$A$1:$E$659,3,FALSE()) -> 22 | M532: =VLOOKUP(B532,'Team Data'!$A$1:$E$659,2,FALSE()) -> 21 | N532: =VLOOKUP(B532,'Team Data'!$A$1:$E$659,3,FALSE()) -> 12 | O532: =VLOOKUP(A532,'Team Data'!$A$1:$E$659,4,FALSE()) -> 457 | P532: =VLOOKUP(A532,'Team Data'!$A$1:$E$659,5,FALSE()) -> 529 | Q532: =VLOOKUP(B532,'Team Data'!$A$1:$E$659,4,FALSE()) -> 636 | R532: =VLOOKUP(B532,'Team Data'!$A$1:$E$659,5,FALSE()) -> 474 | S532: =IF(I532=1,(MIN(30,(C532-D532)))*(M532/(M532+N532))*(Q532/(Q532+R532)),(MAX(-30,(C532-D532)))*(N532/(M532+N532))*(R532/(R532+Q532))) -> -4.3479115 | T532: =IF(J532=1,(MIN(30,(D532-C532)))*(K532/(K532+L532))*(O532/(O532+P532)),(MAX(-30,(D532-C532)))*(L532/(K532+L532))*(P532/(P532+O532))) -> 4.0555274 | U532: 43057
A533: Clemson | B533: Hofstra | C533: 78 | D533: 59 | E533: 35 | F533: 36 | G533: 6 | H533: 13 | I533: 1 | J533: 0 | K533: =VLOOKUP(A533,'Team Data'!$A$1:$E$659,2,FALSE()) -> 24 | L533: =VLOOKUP(A533,'Team Data'!$A$1:$E$659,3,FALSE()) -> 9 | M533: =VLOOKUP(B533,'Team Data'!$A$1:$E$659,2,FALSE()) -> 19 | N533: =VLOOKUP(B533,'Team Data'!$A$1:$E$659,3,FALSE()) -> 12 | O533: =VLOOKUP(A533,'Team Data'!$A$1:$E$659,4,FALSE()) -> 691 | P533: =VLOOKUP(A533,'Team Data'!$A$1:$E$659,5,FALSE()) -> 426 | Q533: =VLOOKUP(B533,'Team Data'!$A$1:$E$659,4,FALSE()) -> 498 | R533: =VLOOKUP(B533,'Team Data'!$A$1:$E$659,5,FALSE()) -> 473 | S533: =IF(I533=1,(MIN(30,(C533-D533)))*(M533/(M533+N533))*(Q533/(Q533+R533)),(MAX(-30,(C533-D533)))*(N533/(M533+N533))*(R533/(R533+Q533))) -> 5.9724926 | T533: =IF(J533=1,(MIN(30,(D533-C533)))*(K533/(K533+L533))*(O533/(O533+P533)),(MAX(-30,(D533-C533)))*(L533/(K533+L533))*(P533/(P533+O533))) -> -1.976235 | U533: 43057
A534: Sacramento State | B534: San Francisco | C534: 56 | D534: 69 | E534: 34 | F534: 43 | G534: 14 | H534: 5 | I534: 0 | J534: 1 | K534: =VLOOKUP(A534,'Team Data'!$A$1:$E$659,2,FALSE()) -> 7 | L534: =VLOOKUP(A534,'Team Data'!$A$1:$E$659,3,FALSE()) -> 25 | M534: =VLOOKUP(B534,'Team Data'!$A$1:$E$659,2,FALSE()) -> 22 | N534: =VLOOKUP(B534,'Team Data'!$A$1:$E$659,3,FALSE()) -> 17 | O534: =VLOOKUP(A534,'Team Data'!$A$1:$E$659,4,FALSE()) -> 549 | P534: =VLOOKUP(A534,'Team Data'!$A$1:$E$659,5,FALSE()) -> 437 | Q534: =VLOOKUP(B534,'Team Data'!$A$1:$E$659,4,FALSE()) -> 712 | R534: =VLOOKUP(B534,'Team Data'!$A$1:$E$659,5,FALSE()) -> 575 | S534: =IF(I534=1,(MIN(30,(C534-D534)))*(M534/(M534+N534))*(Q534/(Q534+R534)),(MAX(-30,(C534-D534)))*(N534/(M534+N534))*(R534/(R534+Q534))) -> -2.5317275 | T534: =IF(J534=1,(MIN(30,(D534-C534)))*(K534/(K534+L534))*(O534/(O534+P534)),(MAX(-30,(D534-C534)))*(L534/(K534+L534))*(P534/(P534+O534))) -> 1.5833862 | U534: 43057
A535: Eastern Washington | B535: UNLV | C535: 76 | D535: 91 | E535: 33 | F535: 44 | G535: 8 | H535: 15 | I535: 0 | J535: 1 | K535: =VLOOKUP(A535,'Team Data'!$A$1:$E$659,2,FALSE()) -> 20 | L535: =VLOOKUP(A535,'Team Data'!$A$1:$E$659,3,FALSE()) -> 15 | M535: =VLOOKUP(B535,'Team Data'!$A$1:$E$659,2,FALSE()) -> 20 | N535: =VLOOKUP(B535,'Team Data'!$A$1:$E$659,3,FALSE()) -> 13 | O535: =VLOOKUP(A535,'Team Data'!$A$1:$E$659,4,FALSE()) -> 577 | P535: =VLOOKUP(A535,'Team Data'!$A$1:$E$659,5,FALSE()) -> 520 | Q535: =VLOOKUP(B535,'Team Data'!$A$1:$E$659,4,FALSE()) -> 561 | R535: =VLOOKUP(B535,'Team Data'!$A$1:$E$659,5,FALSE()) -> 525 | S535: =IF(I535=1,(MIN(30,(C535-D535)))*(M535/(M535+N535))*(Q535/(Q535+R535)),(MAX(-30,(C535-D535)))*(N535/(M535+N535))*(R535/(R535+Q535))) -> -2.8566047 | T535: =IF(J535=1,(MIN(30,(D535-C535)))*(K535/(K535+L535))*(O535/(O535+P535)),(MAX(-30,(D535-C535)))*(L535/(K535+L535))*(P535/(P535+O535))) -> 4.5083995 | U535: 43057
A536: Northern Colorado | B536: Pepperdine | C536: 84 | D536: 82 | E536: 38 | F536: 44 | G536: 10 | H536: 7 | I536: 1 | J536: 0 | K536: =VLOOKUP(A536,'Team Data'!$A$1:$E$659,2,FALSE()) -> 26 | L536: =VLOOKUP(A536,'Team Data'!$A$1:$E$659,3,FALSE()) -> 12 | M536: =VLOOKUP(B536,'Team Data'!$A$1:$E$659,2,FALSE()) -> 6 | N536: =VLOOKUP(B536,'Team Data'!$A$1:$E$659,3,FALSE()) -> 26 | O536: =VLOOKUP(A536,'Team Data'!$A$1:$E$659,4,FALSE()) -> 600 | P536: =VLOOKUP(A536,'Team Data'!$A$1:$E$659,5,FALSE()) -> 551 | Q536: =VLOOKUP(B536,'Team Data'!$A$1:$E$659,4,FALSE()) -> 578 | R536: =VLOOKUP(B536,'Team Data'!$A$1:$E$659,5,FALSE()) -> 464 | S536: =IF(I536=1,(MIN(30,(C536-D536)))*(M536/(M536+N536))*(Q536/(Q536+R536)),(MAX(-30,(C536-D536)))*(N536/(M536+N536))*(R536/(R536+Q536))) -> 0.20801344 | T536: =IF(J536=1,(MIN(30,(D536-C536)))*(K536/(K536+L536))*(O536/(O536+P536)),(MAX(-30,(D536-C536)))*(L536/(K536+L536))*(P536/(P536+O536))) -> -0.30234579 | U536: 43057
... A583: Florida Gulf Coast | B583: Bowling Green | C583: 80 | D583: 83 | E583: 42 | F583: 46 | G583: 16 | H583: 14 | I583: 0 | J583: 1 | K583: =VLOOKUP(A583,'Team Data'!$A$1:$E$659,2,FALSE()) -> 23 | L583: =VLOOKUP(A583,'Team Data'!$A$1:$E$659,3,FALSE()) -> 12 | M583: =VLOOKUP(B583,'Team Data'!$A$1:$E$659,2,FALSE()) -> 16 | N583: =VLOOKUP(B583,'Team Data'!$A$1:$E$659,3,FALSE()) -> 16 | O583: =VLOOKUP(A583,'Team Data'!$A$1:$E$659,4,FALSE()) -> 500 | P583: =VLOOKUP(A583,'Team Data'!$A$1:$E$659,5,FALSE()) -> 533 | Q583: =VLOOKUP(B583,'Team Data'!$A$1:$E$659,4,FALSE()) -> 523 | R583: =VLOOKUP(B583,'Team Data'!$A$1:$E$659,5,FALSE()) -> 476 | S583: =IF(I583=1,(MIN(30,(C583-D583)))*(M583/(M583+N583))*(Q583/(Q583+R583)),(MAX(-30,(C583-D583)))*(N583/(M583+N583))*(R583/(R583+Q583))) -> -0.71471471 | T583: =IF(J583=1,(MIN(30,(D583-C583)))*(K583/(K583+L583))*(O583/(O583+P583)),(MAX(-30,(D583-C583)))*(L583/(K583+L583))*(P583/(P583+O583))) -> 0.95422487 | U583: 43057
A584: Hartford | B584: Long Island University | C584: 84 | D584: 86 | I584: 0 | J584: 1 | K584: =VLOOKUP(A584,'Team Data'!$A$1:$E$659,2,FALSE()) -> 19 | L584: =VLOOKUP(A584,'Team Data'!$A$1:$E$659,3,FALSE()) -> 14 | M584: =VLOOKUP(B584,'Team Data'!$A$1:$E$659,2,FALSE()) -> 18 | N584: =VLOOKUP(B584,'Team Data'!$A$1:$E$659,3,FALSE()) -> 17 | O584: =VLOOKUP(A584,'Team Data'!$A$1:$E$659,4,FALSE()) -> 501 | P584: =VLOOKUP(A584,'Team Data'!$A$1:$E$659,5,FALSE()) -> 542 | Q584: =VLOOKUP(B584,'Team Data'!$A$1:$E$659,4,FALSE()) -> 497 | R584: =VLOOKUP(B584,'Team Data'!$A$1:$E$659,5,FALSE()) -> 580 | S584: =IF(I584=1,(MIN(30,(C584-D584)))*(M584/(M584+N584))*(Q584/(Q584+R584)),(MAX(-30,(C584-D584)))*(N584/(M584+N584))*(R584/(R584+Q584))) -> -0.52314631 | T584: =IF(J584=1,(MIN(30,(D584-C584)))*(K584/(K584+L584))*(O584/(O584+P584)),(MAX(-30,(D584-C584)))*(L584/(K584+L584))*(P584/(P584+O584))) -> 0.55312473 | U584: 43057
A585: Mercer | B585: Drexel | C585: 78 | D585: 59 | E585: 38 | F585: 38 | G585: 5 | H585: 13 | I585: 1 | J585: 0 | K585: =VLOOKUP(A585,'Team Data'!$A$1:$E$659,2,FALSE()) -> 19 | L585: =VLOOKUP(A585,'Team Data'!$A$1:$E$659,3,FALSE()) -> 15 | M585: =VLOOKUP(B585,'Team Data'!$A$1:$E$659,2,FALSE()) -> 13 | N585: =VLOOKUP(B585,'Team Data'!$A$1:$E$659,3,FALSE()) -> 20 | O585: =VLOOKUP(A585,'Team Data'!$A$1:$E$659,4,FALSE()) -> 543 | P585: =VLOOKUP(A585,'Team Data'!$A$1:$E$659,5,FALSE()) -> 527 | Q585: =VLOOKUP(B585,'Team Data'!$A$1:$E$659,4,FALSE()) -> 534 | R585: =VLOOKUP(B585,'Team Data'!$A$1:$E$659,5,FALSE()) -> 500 | S585: =IF(I585=1,(MIN(30,(C585-D585)))*(M585/(M585+N585))*(Q585/(Q585+R585)),(MAX(-30,(C585-D585)))*(N585/(M585+N585))*(R585/(R585+Q585))) -> 3.8654827 | T585: =IF(J585=1,(MIN(30,(D585-C585)))*(K585/(K585+L585))*(O585/(O585+P585)),(MAX(-30,(D585-C585)))*(L585/(K585+L585))*(P585/(P585+O585))) -> -4.1285047 | U585: 43057
A586: North Carolina A&T | B586: Jacksonville | C586: 90 | D586: 82 | E586: 38 | F586: 33 | G586: 12 | H586: 10 | I586: 1 | J586: 0 | K586: =VLOOKUP(A586,'Team Data'!$A$1:$E$659,2,FALSE()) -> 20 | L586: =VLOOKUP(A586,'Team Data'!$A$1:$E$659,3,FALSE()) -> 15 | M586: =VLOOKUP(B586,'Team Data'!$A$1:$E$659,2,FALSE()) -> 15 | N586: =VLOOKUP(B586,'Team Data'!$A$1:$E$659,3,FALSE()) -> 18 | O586: =VLOOKUP(A586,'Team Data'!$A$1:$E$659,4,FALSE()) -> 455 | P586: =VLOOKUP(A586,'Team Data'!$A$1:$E$659,5,FALSE()) -> 629 | Q586: =VLOOKUP(B586,'Team Data'!$A$1:$E$659,4,FALSE()) -> 463 | R586: =VLOOKUP(B586,'Team Data'!$A$1:$E$659,5,FALSE()) -> 494 | S586: =IF(I586=1,(MIN(30,(C586-D586)))*(M586/(M586+N586))*(Q586/(Q586+R586)),(MAX(-30,(C586-D586)))*(N586/(M586+N586))*(R586/(R586+Q586))) -> 1.7592856 | T586: =IF(J586=1,(MIN(30,(D586-C586)))*(K586/(K586+L586))*(O586/(O586+P586)),(MAX(-30,(D586-C586)))*(L586/(K586+L586))*(P586/(P586+O586))) -> -1.989457 | U586: 43057
A587: Cal State Northridge | B587: George Mason | C587: 73 | D587: 78 | E587: 34 | F587: 45 | G587: 12 | H587: 15 | I587: 0 | J587: 1 | K587: =VLOOKUP(A587,'Team Data'!$A$1:$E$659,2,FALSE()) -> 6 | L587: =VLOOKUP(A587,'Team Data'!$A$1:$E$659,3,FALSE()) -> 24 | M587: =VLOOKUP(B587,'Team Data'!$A$1:$E$659,2,FALSE()) -> 16 | N587: =VLOOKUP(B587,'Team Data'!$A$1:$E$659,3,FALSE()) -> 17 | O587: =VLOOKUP(A587,'Team Data'!$A$1:$E$659,4,FALSE()) -> 441 | P587: =VLOOKUP(A587,'Team Data'!$A$1:$E$659,5,FALSE()) -> 464 | Q587: =VLOOKUP(B587,'Team Data'!$A$1:$E$659,4,FALSE()) -> 539 | R587: =VLOOKUP(B587,'Team Data'!$A$1:$E$659,5,FALSE()) -> 535 | S587: =IF(I587=1,(MIN(30,(C587-D587)))*(M587/(M587+N587))*(Q587/(Q587+R587)),(MAX(-30,(C587-D587)))*(N587/(M587+N587))*(R587/(R587+Q587))) -> -1.2830822 | T587: =IF(J587=1,(MIN(30,(D587-C587)))*(K587/(K587+L587))*(O587/(O587+P587)),(MAX(-30,(D587-C587)))*(L587/(K587+L587))*(P587/(P587+O587))) -> 0.48729282 | U587: 43057
A588: Florida International | B588: Milwaukee | C588: 51 | D588: 66 | E588: 29 | F588: 37 | G588: 9 | H588: 13 | I588: 0 | J588: 1 | K588: =VLOOKUP(A588,'Team Data'!$A$1:$E$659,2,FALSE()) -> 14 | L588: =VLOOKUP(A588,'Team Data'!$A$1:$E$659,3,FALSE()) -> 18 | M588: =VLOOKUP(B588,'Team Data'!$A$1:$E$659,2,FALSE()) -> 16 | N588: =VLOOKUP(B588,'Team Data'!$A$1:$E$659,3,FALSE()) -> 17 | O588: =VLOOKUP(A588,'Team Data'!$A$1:$E$659,4,FALSE()) -> 467 | P588: =VLOOKUP(A588,'Team Data'!$A$1:$E$659,5,FALSE()) -> 496 | Q588: =VLOOKUP(B588,'Team Data'!$A$1:$E$659,4,FALSE()) -> 503 | R588: =VLOOKUP(B588,'Team Data'!$A$1:$E$659,5,FALSE()) -> 522 | S588: =IF(I588=1,(MIN(30,(C588-D588)))*(M588/(M588+N588))*(Q588/(Q588+R588)),(MAX(-30,(C588-D588)))*(N588/(M588+N588))*(R588/(R588+Q588))) -> -3.935255 | T588: =IF(J588=1,(MIN(30,(D588-C588)))*(K588/(K588+L588))*(O588/(O588+P588)),(MAX(-30,(D588-C588)))*(L588/(K588+L588))*(P588/(P588+O588))) -> 3.1824377 | U588: 43057
A589: Fairfield | B589: Purdue | C589: 64 | D589: 106 | E589: 34 | F589: 42 | G589: 22 | H589: 9 | I589: 0 | J589: 1 | K589: =VLOOKUP(A589,'Team Data'!$A$1:$E$659,2,FALSE()) -> 17 | L589: =VLOOKUP(A589,'Team Data'!$A$1:$E$659,3,FALSE()) -> 16 | M589: =VLOOKUP(B589,'Team Data'!$A$1:$E$659,2,FALSE()) -> 30 | N589: =VLOOKUP(B589,'Team Data'!$A$1:$E$659,3,FALSE()) -> 7 | O589: =VLOOKUP(A589,'Team Data'!$A$1:$E$659,4,FALSE()) -> 536 | P589: =VLOOKUP(A589,'Team Data'!$A$1:$E$659,5,FALSE()) -> 539 | Q589: =VLOOKUP(B589,'Team Data'!$A$1:$E$659,4,FALSE()) -> 726 | R589: =VLOOKUP(B589,'Team Data'!$A$1:$E$659,5,FALSE()) -> 521 | S589: =IF(I589=1,(MIN(30,(C589-D589)))*(M589/(M589+N589))*(Q589/(Q589+R589)),(MAX(-30,(C589-D589)))*(N589/(M589+N589))*(R589/(R589+Q589))) -> -2.3713128 | T589: =IF(J589=1,(MIN(30,(D589-C589)))*(K589/(K589+L589))*(O589/(O589+P589)),(MAX(-30,(D589-C589)))*(L589/(K589+L589))*(P589/(P589+O589))) -> 7.7057082 | U589: 43058
A590: Charleston | B590: Charlotte | C590: 81 | D590: 72 | E590: 34 | F590: 36 | G590: 16 | H590: 17 | I590: 1 | J590: 0 | K590: =VLOOKUP(A590,'Team Data'!$A$1:$E$659,2,FALSE()) -> 26 | L590: =VLOOKUP(A590,'Team Data'!$A$1:$E$659,3,FALSE()) -> 8 | M590: =VLOOKUP(B590,'Team Data'!$A$1:$E$659,2,FALSE()) -> 6 | N590: =VLOOKUP(B590,'Team Data'!$A$1:$E$659,3,FALSE()) -> 23 | O590: =VLOOKUP(A590,'Team Data'!$A$1:$E$659,4,FALSE()) -> 508 | P590: =VLOOKUP(A590,'Team Data'!$A$1:$E$659,5,FALSE()) -> 524 | Q590: =VLOOKUP(B590,'Team Data'!$A$1:$E$659,4,FALSE()) -> 485 | R590: =VLOOKUP(B590,'Team Data'!$A$1:$E$659,5,FALSE()) -> 443 | S590: =IF(I590=1,(MIN(30,(C590-D590)))*(M590/(M590+N590))*(Q590/(Q590+R590)),(MAX(-30,(C590-D590)))*(N590/(M590+N590))*(R590/(R590+Q590))) -> 0.97317182 | T590: =IF(J590=1,(MIN(30,(D590-C590)))*(K590/(K590+L590))*(O590/(O590+P590)),(MAX(-30,(D590-C590)))*(L590/(K590+L590))*(P590/(P590+O590))) -> -1.0752394 | U590: 43058
A591: Oakland | B591: Toledo | C591: 74 | D591: 87 | E591: 41 | F591: 45 | G591: 10 | H591: 8 | I591: 0 | J591: 1 | K591: =VLOOKUP(A591,'Team Data'!$A$1:$E$659,2,FALSE()) -> 19 | L591: =VLOOKUP(A591,'Team Data'!$A$1:$E$659,3,FALSE()) -> 14 | M591: =VLOOKUP(B591,'Team Data'!$A$1:$E$659,2,FALSE()) -> 23 | N591: =VLOOKUP(B591,'Team Data'!$A$1:$E$659,3,FALSE()) -> 11 | O591: =VLOOKUP(A591,'Team Data'!$A$1:$E$659,4,FALSE()) -> 541 | P591: =VLOOKUP(A591,'Team Data'!$A$1:$E$659,5,FALSE()) -> 562 | Q591: =VLOOKUP(B591,'Team Data'!$A$1:$E$659,4,FALSE()) -> 603 | R591: =VLOOKUP(B591,'Team Data'!$A$1:$E$659,5,FALSE()) -> 503 | S591: =IF(I591=1,(MIN(30,(C591-D591)))*(M591/(M591+N591))*(Q591/(Q591+R591)),(MAX(-30,(C591-D591)))*(N591/(M591+N591))*(R591/(R591+Q591))) -> -1.9128018 | T591: =IF(J591=1,(MIN(30,(D591-C591)))*(K591/(K591+L591))*(O591/(O591+P591)),(MAX(-30,(D591-C591)))*(L591/(K591+L591))*(P591/(P591+O591))) -> 3.6711723 | U591: 43058
A592: UT Martin | B592: Akron | C592: 59 | D592: 76 | E592: 31 | F592: 32 | G592: 13 | H592: 14 | I592: 0 | J592: 1 | K592: =VLOOKUP(A592,'Team Data'!$A$1:$E$659,2,FALSE()) -> 10 | L592: =VLOOKUP(A592,'Team Data'!$A$1:$E$659,3,FALSE()) -> 21 | M592: =VLOOKUP(B592,'Team Data'!$A$1:$E$659,2,FALSE()) -> 14 | N592: =VLOOKUP(B592,'Team Data'!$A$1:$E$659,3,FALSE()) -> 18 | O592: =VLOOKUP(A592,'Team Data'!$A$1:$E$659,4,FALSE()) -> 453 | P592: =VLOOKUP(A592,'Team Data'!$A$1:$E$659,5,FALSE()) -> 488 | Q592: =VLOOKUP(B592,'Team Data'!$A$1:$E$659,4,FALSE()) -> 542 | R592: =VLOOKUP(B592,'Team Data'!$A$1:$E$659,5,FALSE()) -> 488 | S592: =IF(I592=1,(MIN(30,(C592-D592)))*(M592/(M592+N592))*(Q592/(Q592+R592)),(MAX(-30,(C592-D592)))*(N592/(M592+N592))*(R592/(R592+Q592))) -> -4.5305825 | T592: =IF(J592=1,(MIN(30,(D592-C592)))*(K592/(K592+L592))*(O592/(O592+P592)),(MAX(-30,(D592-C592)))*(L592/(K592+L592))*(P592/(P592+O592))) -> 2.6399506 | U592: 43058
A593: Princeton | B593: Saint Joseph's | C593: 58 | D593: 71 | E593: 25 | F593: 30 | G593: 9 | H593: 4 | I593: 0 | J593: 1 | K593: =VLOOKUP(A593,'Team Data'!$A$1:$E$659,2,FALSE()) -> 13 | L593: =VLOOKUP(A593,'Team Data'!$A$1:$E$659,3,FALSE()) -> 16 | M593: =VLOOKUP(B593,'Team Data'!$A$1:$E$659,2,FALSE()) -> 16 | N593: =VLOOKUP(B593,'Team Data'!$A$1:$E$659,3,FALSE()) -> 16 | O593: =VLOOKUP(A593,'Team Data'!$A$1:$E$659,4,FALSE()) -> 429 | P593: =VLOOKUP(A593,'Team Data'!$A$1:$E$659,5,FALSE()) -> 434 | Q593: =VLOOKUP(B593,'Team Data'!$A$1:$E$659,4,FALSE()) -> 549 | R593: =VLOOKUP(B593,'Team Data'!$A$1:$E$659,5,FALSE()) -> 500 | S593: =IF(I593=1,(MIN(30,(C593-D593)))*(M593/(M593+N593))*(Q593/(Q593+R593)),(MAX(-30,(C593-D593)))*(N593/(M593+N593))*(R593/(R593+Q593))) -> -3.0981888 | T593: =IF(J593=1,(MIN(30,(D593-C593)))*(K593/(K593+L593))*(O593/(O593+P593)),(MAX(-30,(D593-C593)))*(L593/(K593+L593))*(P593/(P593+O593))) -> 2.8969113 | U593: 43058
A594: Texas Southern | B594: Syracuse | C594: 67 | D594: 80 | E594: 28 | F594: 40 | G594: 10 | H594: 10 | I594: 0 | J594: 1 | K594: =VLOOKUP(A594,'Team Data'!$A$1:$E$659,2,FALSE()) -> 16 | L594: =VLOOKUP(A594,'Team Data'!$A$1:$E$659,3,FALSE()) -> 19 | M594: =VLOOKUP(B594,'Team Data'!$A$1:$E$659,2,FALSE()) -> 23 | N594: =VLOOKUP(B594,'Team Data'!$A$1:$E$659,3,FALSE()) -> 14 | O594: =VLOOKUP(A594,'Team Data'!$A$1:$E$659,4,FALSE()) -> 549 | P594: =VLOOKUP(A594,'Team Data'!$A$1:$E$659,5,FALSE()) -> 611 | Q594: =VLOOKUP(B594,'Team Data'!$A$1:$E$659,4,FALSE()) -> 752 | R594: =VLOOKUP(B594,'Team Data'!$A$1:$E$659,5,FALSE()) -> 485 | S594: =IF(I594=1,(MIN(30,(C594-D594)))*(M594/(M594+N594))*(Q594/(Q594+R594)),(MAX(-30,(C594-D594)))*(N594/(M594+N594))*(R594/(R594+Q594))) -> -1.928598 | T594: =IF(J594=1,(MIN(30,(D594-C594)))*(K594/(K594+L594))*(O594/(O594+P594)),(MAX(-30,(D594-C594)))*(L594/(K594+L594))*(P594/(P594+O594))) -> 2.8126108 | U594: 43058
A595: Murray State | B595: Wright State | C595: 80 | D595: 61 | E595: 35 | F595: 29 | G595: 15 | H595: 16 | I595: 1 | J595: 0 | K595: =VLOOKUP(A595,'Team Data'!$A$1:$E$659,2,FALSE()) -> 26 | L595: =VLOOKUP(A595,'Team Data'!$A$1:$E$659,3,FALSE()) -> 6 | M595: =VLOOKUP(B595,'Team Data'!$A$1:$E$659,2,FALSE()) -> 25 | N595: =VLOOKUP(B595,'Team Data'!$A$1:$E$659,3,FALSE()) -> 10 | O595: =VLOOKUP(A595,'Team Data'!$A$1:$E$659,4,FALSE()) -> 495 | P595: =VLOOKUP(A595,'Team Data'!$A$1:$E$659,5,FALSE()) -> 480 | Q595: =VLOOKUP(B595,'Team Data'!$A$1:$E$659,4,FALSE()) -> 543 | R595: =VLOOKUP(B595,'Team Data'!$A$1:$E$659,5,FALSE()) -> 561 | S595: =IF(I595=1,(MIN(30,(C595-D595)))*(M595/(M595+N595))*(Q595/(Q595+R595)),(MAX(-30,(C595-D595)))*(N595/(M595+N595))*(R595/(R595+Q595))) -> 6.6750776 | T595: =IF(J595=1,(MIN(30,(D595-C595)))*(K595/(K595+L595))*(O595/(O595+P595)),(MAX(-30,(D595-C595)))*(L595/(K595+L595))*(P595/(P595+O595))) -> -1.7538462 | U595: 43058
A596: Youngstown State | B596: Canisius | C596: 84 | D596: 104 | E596: 35 | F596: 38 | G596: 10 | H596: 14 | I596: 0 | J596: 1 | K596: =VLOOKUP(A596,'Team Data'!$A$1:$E$659,2,FALSE()) -> 8 | L596: =VLOOKUP(A596,'Team Data'!$A$1:$E$659,3,FALSE()) -> 24 | M596: =VLOOKUP(B596,'Team Data'!$A$1:$E$659,2,FALSE()) -> 21 | N596: =VLOOKUP(B596,'Team Data'!$A$1:$E$659,3,FALSE()) -> 12 | O596: =VLOOKUP(A596,'Team Data'!$A$1:$E$659,4,FALSE()) -> 505 | P596: =VLOOKUP(A596,'Team Data'!$A$1:$E$659,5,FALSE()) -> 499 | Q596: =VLOOKUP(B596,'Team Data'!$A$1:$E$659,4,FALSE()) -> 497 | R596: =VLOOKUP(B596,'Team Data'!$A$1:$E$659,5,FALSE()) -> 569 | S596: =IF(I596=1,(MIN(30,(C596-D596)))*(M596/(M596+N596))*(Q596/(Q596+R596)),(MAX(-30,(C596-D596)))*(N596/(M596+N596))*(R596/(R596+Q596))) -> -3.8819717 | T596: =IF(J596=1,(MIN(30,(D596-C596)))*(K596/(K596+L596))*(O596/(O596+P596)),(MAX(-30,(D596-C596)))*(L596/(K596+L596))*(P596/(P596+O596))) -> 2.5149402 | U596: 43058
... A1282: Texas Tech | B1282: Seton Hall | C1282: 79 | D1282: 89 | E1282: 33 | F1282: 37 | G1282: 15 | H1282: 15 | I1282: 0 | J1282: 1 | K1282: =VLOOKUP(A1282,'Team Data'!$A$1:$E$659,2,FALSE()) -> 26 | L1282: =VLOOKUP(A1282,'Team Data'!$A$1:$E$659,3,FALSE()) -> 10 | M1282: =VLOOKUP(B1282,'Team Data'!$A$1:$E$659,2,FALSE()) -> 22 | N1282: =VLOOKUP(B1282,'Team Data'!$A$1:$E$659,3,FALSE()) -> 12 | O1282: =VLOOKUP(A1282,'Team Data'!$A$1:$E$659,4,FALSE()) -> 726 | P1282: =VLOOKUP(A1282,'Team Data'!$A$1:$E$659,5,FALSE()) -> 495 | Q1282: =VLOOKUP(B1282,'Team Data'!$A$1:$E$659,4,FALSE()) -> 670 | R1282: =VLOOKUP(B1282,'Team Data'!$A$1:$E$659,5,FALSE()) -> 461 | S1282: =IF(I1282=1,(MIN(30,(C1282-D1282)))*(M1282/(M1282+N1282))*(Q1282/(Q1282+R1282)),(MAX(-30,(C1282-D1282)))*(N1282/(M1282+N1282))*(R1282/(R1282+Q1282))) -> -1.438602 | T1282: =IF(J1282=1,(MIN(30,(D1282-C1282)))*(K1282/(K1282+L1282))*(O1282/(O1282+P1282)),(MAX(-30,(D1282-C1282)))*(L1282/(K1282+L1282))*(P1282/(P1282+O1282))) -> 4.2942943 | U1282: 43069
A1283: Texas Southern | B1283: Oakland | C1283: 87 | D1283: 97 | I1283: 0 | J1283: 1 | K1283: =VLOOKUP(A1283,'Team Data'!$A$1:$E$659,2,FALSE()) -> 16 | L1283: =VLOOKUP(A1283,'Team Data'!$A$1:$E$659,3,FALSE()) -> 19 | M1283: =VLOOKUP(B1283,'Team Data'!$A$1:$E$659,2,FALSE()) -> 19 | N1283: =VLOOKUP(B1283,'Team Data'!$A$1:$E$659,3,FALSE()) -> 14 | O1283: =VLOOKUP(A1283,'Team Data'!$A$1:$E$659,4,FALSE()) -> 549 | P1283: =VLOOKUP(A1283,'Team Data'!$A$1:$E$659,5,FALSE()) -> 611 | Q1283: =VLOOKUP(B1283,'Team Data'!$A$1:$E$659,4,FALSE()) -> 541 | R1283: =VLOOKUP(B1283,'Team Data'!$A$1:$E$659,5,FALSE()) -> 562 | S1283: =IF(I1283=1,(MIN(30,(C1283-D1283)))*(M1283/(M1283+N1283))*(Q1283/(Q1283+R1283)),(MAX(-30,(C1283-D1283)))*(N1283/(M1283+N1283))*(R1283/(R1283+Q1283))) -> -2.1615978 | T1283: =IF(J1283=1,(MIN(30,(D1283-C1283)))*(K1283/(K1283+L1283))*(O1283/(O1283+P1283)),(MAX(-30,(D1283-C1283)))*(L1283/(K1283+L1283))*(P1283/(P1283+O1283))) -> 2.1635468 | U1283: 43070
A1284: NJIT | B1284: West Virginia | C1284: 69 | D1284: 102 | I1284: 0 | J1284: 1 | K1284: =VLOOKUP(A1284,'Team Data'!$A$1:$E$659,2,FALSE()) -> 14 | L1284: =VLOOKUP(A1284,'Team Data'!$A$1:$E$659,3,FALSE()) -> 16 | M1284: =VLOOKUP(B1284,'Team Data'!$A$1:$E$659,2,FALSE()) -> 26 | N1284: =VLOOKUP(B1284,'Team Data'!$A$1:$E$659,3,FALSE()) -> 10 | O1284: =VLOOKUP(A1284,'Team Data'!$A$1:$E$659,4,FALSE()) -> 451 | P1284: =VLOOKUP(A1284,'Team Data'!$A$1:$E$659,5,FALSE()) -> 468 | Q1284: =VLOOKUP(B1284,'Team Data'!$A$1:$E$659,4,FALSE()) -> 708 | R1284: =VLOOKUP(B1284,'Team Data'!$A$1:$E$659,5,FALSE()) -> 504 | S1284: =IF(I1284=1,(MIN(30,(C1284-D1284)))*(M1284/(M1284+N1284))*(Q1284/(Q1284+R1284)),(MAX(-30,(C1284-D1284)))*(N1284/(M1284+N1284))*(R1284/(R1284+Q1284))) -> -3.4653465 | T1284: =IF(J1284=1,(MIN(30,(D1284-C1284)))*(K1284/(K1284+L1284))*(O1284/(O1284+P1284)),(MAX(-30,(D1284-C1284)))*(L1284/(K1284+L1284))*(P1284/(P1284+O1284))) -> 6.8705114 | U1284: 43070
A1285: South Florida | B1285: Elon | C1285: 78 | D1285: 79 | I1285: 0 | J1285: 1 | K1285: =VLOOKUP(A1285,'Team Data'!$A$1:$E$659,2,FALSE()) -> 10 | L1285: =VLOOKUP(A1285,'Team Data'!$A$1:$E$659,3,FALSE()) -> 22 | M1285: =VLOOKUP(B1285,'Team Data'!$A$1:$E$659,2,FALSE()) -> 14 | N1285: =VLOOKUP(B1285,'Team Data'!$A$1:$E$659,3,FALSE()) -> 18 | O1285: =VLOOKUP(A1285,'Team Data'!$A$1:$E$659,4,FALSE()) -> 525 | P1285: =VLOOKUP(A1285,'Team Data'!$A$1:$E$659,5,FALSE()) -> 506 | Q1285: =VLOOKUP(B1285,'Team Data'!$A$1:$E$659,4,FALSE()) -> 525 | R1285: =VLOOKUP(B1285,'Team Data'!$A$1:$E$659,5,FALSE()) -> 457 | S1285: =IF(I1285=1,(MIN(30,(C1285-D1285)))*(M1285/(M1285+N1285))*(Q1285/(Q1285+R1285)),(MAX(-30,(C1285-D1285)))*(N1285/(M1285+N1285))*(R1285/(R1285+Q1285))) -> -0.26177444 | T1285: =IF(J1285=1,(MIN(30,(D1285-C1285)))*(K1285/(K1285+L1285))*(O1285/(O1285+P1285)),(MAX(-30,(D1285-C1285)))*(L1285/(K1285+L1285))*(P1285/(P1285+O1285))) -> 0.15912949 | U1285: 43070
A1286: Notre Dame | B1286: Michigan State | C1286: 63 | D1286: 81 | I1286: 0 | J1286: 1 | K1286: =VLOOKUP(A1286,'Team Data'!$A$1:$E$659,2,FALSE()) -> 18 | L1286: =VLOOKUP(A1286,'Team Data'!$A$1:$E$659,3,FALSE()) -> 15 | M1286: =VLOOKUP(B1286,'Team Data'!$A$1:$E$659,2,FALSE()) -> 29 | N1286: =VLOOKUP(B1286,'Team Data'!$A$1:$E$659,3,FALSE()) -> 5 | O1286: =VLOOKUP(A1286,'Team Data'!$A$1:$E$659,4,FALSE()) -> 628 | P1286: =VLOOKUP(A1286,'Team Data'!$A$1:$E$659,5,FALSE()) -> 469 | Q1286: =VLOOKUP(B1286,'Team Data'!$A$1:$E$659,4,FALSE()) -> 622 | R1286: =VLOOKUP(B1286,'Team Data'!$A$1:$E$659,5,FALSE()) -> 516 | S1286: =IF(I1286=1,(MIN(30,(C1286-D1286)))*(M1286/(M1286+N1286))*(Q1286/(Q1286+R1286)),(MAX(-30,(C1286-D1286)))*(N1286/(M1286+N1286))*(R1286/(R1286+Q1286))) -> -1.2002481 | T1286: =IF(J1286=1,(MIN(30,(D1286-C1286)))*(K1286/(K1286+L1286))*(O1286/(O1286+P1286)),(MAX(-30,(D1286-C1286)))*(L1286/(K1286+L1286))*(P1286/(P1286+O1286))) -> 5.6206182 | U1286: 43070
A1287: Western Carolina | B1287: Charleston | C1287: 60 | D1287: 69 | I1287: 0 | J1287: 1 | K1287: =VLOOKUP(A1287,'Team Data'!$A$1:$E$659,2,FALSE()) -> 13 | L1287: =VLOOKUP(A1287,'Team Data'!$A$1:$E$659,3,FALSE()) -> 19 | M1287: =VLOOKUP(B1287,'Team Data'!$A$1:$E$659,2,FALSE()) -> 26 | N1287: =VLOOKUP(B1287,'Team Data'!$A$1:$E$659,3,FALSE()) -> 8 | O1287: =VLOOKUP(A1287,'Team Data'!$A$1:$E$659,4,FALSE()) -> 540 | P1287: =VLOOKUP(A1287,'Team Data'!$A$1:$E$659,5,FALSE()) -> 453 | Q1287: =VLOOKUP(B1287,'Team Data'!$A$1:$E$659,4,FALSE()) -> 508 | R1287: =VLOOKUP(B1287,'Team Data'!$A$1:$E$659,5,FALSE()) -> 524 | S1287: =IF(I1287=1,(MIN(30,(C1287-D1287)))*(M1287/(M1287+N1287))*(Q1287/(Q1287+R1287)),(MAX(-30,(C1287-D1287)))*(N1287/(M1287+N1287))*(R1287/(R1287+Q1287))) -> -1.0752394 | T1287: =IF(J1287=1,(MIN(30,(D1287-C1287)))*(K1287/(K1287+L1287))*(O1287/(O1287+P1287)),(MAX(-30,(D1287-C1287)))*(L1287/(K1287+L1287))*(P1287/(P1287+O1287))) -> 1.9882931 | U1287: 43070
A1288: North Dakota State | B1288: Mississippi State | C1288: 59 | D1288: 83 | I1288: 0 | J1288: 1 | K1288: =VLOOKUP(A1288,'Team Data'!$A$1:$E$659,2,FALSE()) -> 15 | L1288: =VLOOKUP(A1288,'Team Data'!$A$1:$E$659,3,FALSE()) -> 17 | M1288: =VLOOKUP(B1288,'Team Data'!$A$1:$E$659,2,FALSE()) -> 25 | N1288: =VLOOKUP(B1288,'Team Data'!$A$1:$E$659,3,FALSE()) -> 12 | O1288: =VLOOKUP(A1288,'Team Data'!$A$1:$E$659,4,FALSE()) -> 513 | P1288: =VLOOKUP(A1288,'Team Data'!$A$1:$E$659,5,FALSE()) -> 439 | Q1288: =VLOOKUP(B1288,'Team Data'!$A$1:$E$659,4,FALSE()) -> 653 | R1288: =VLOOKUP(B1288,'Team Data'!$A$1:$E$659,5,FALSE()) -> 548 | S1288: =IF(I1288=1,(MIN(30,(C1288-D1288)))*(M1288/(M1288+N1288))*(Q1288/(Q1288+R1288)),(MAX(-30,(C1288-D1288)))*(N1288/(M1288+N1288))*(R1288/(R1288+Q1288))) -> -3.5516349 | T1288: =IF(J1288=1,(MIN(30,(D1288-C1288)))*(K1288/(K1288+L1288))*(O1288/(O1288+P1288)),(MAX(-30,(D1288-C1288)))*(L1288/(K1288+L1288))*(P1288/(P1288+O1288))) -> 6.0622374 | U1288: 43070
A1289: Hartford | B1289: Long Island University | C1289: 78 | D1289: 79 | I1289: 0 | J1289: 1 | K1289: =VLOOKUP(A1289,'Team Data'!$A$1:$E$659,2,FALSE()) -> 19 | L1289: =VLOOKUP(A1289,'Team Data'!$A$1:$E$659,3,FALSE()) -> 14 | M1289: =VLOOKUP(B1289,'Team Data'!$A$1:$E$659,2,FALSE()) -> 18 | N1289: =VLOOKUP(B1289,'Team Data'!$A$1:$E$659,3,FALSE()) -> 17 | O1289: =VLOOKUP(A1289,'Team Data'!$A$1:$E$659,4,FALSE()) -> 501 | P1289: =VLOOKUP(A1289,'Team Data'!$A$1:$E$659,5,FALSE()) -> 542 | Q1289: =VLOOKUP(B1289,'Team Data'!$A$1:$E$659,4,FALSE()) -> 497 | R1289: =VLOOKUP(B1289,'Team Data'!$A$1:$E$659,5,FALSE()) -> 580 | S1289: =IF(I1289=1,(MIN(30,(C1289-D1289)))*(M1289/(M1289+N1289))*(Q1289/(Q1289+R1289)),(MAX(-30,(C1289-D1289)))*(N1289/(M1289+N1289))*(R1289/(R1289+Q1289))) -> -0.26157315 | T1289: =IF(J1289=1,(MIN(30,(D1289-C1289)))*(K1289/(K1289+L1289))*(O1289/(O1289+P1289)),(MAX(-30,(D1289-C1289)))*(L1289/(K1289+L1289))*(P1289/(P1289+O1289))) -> 0.27656236 | U1289: 43070
A1290: Central Penn | B1290: Howard | C1290: 64 | D1290: 81 | I1290: 0 | J1290: 1 | K1290: =VLOOKUP(A1290,'Team Data'!$A$1:$E$659,2,FALSE()) -> 0 | L1290: =VLOOKUP(A1290,'Team Data'!$A$1:$E$659,3,FALSE()) -> 6 | M1290: =VLOOKUP(B1290,'Team Data'!$A$1:$E$659,2,FALSE()) -> 10 | N1290: =VLOOKUP(B1290,'Team Data'!$A$1:$E$659,3,FALSE()) -> 23 | O1290: =VLOOKUP(A1290,'Team Data'!$A$1:$E$659,4,FALSE()) -> 100 | P1290: =VLOOKUP(A1290,'Team Data'!$A$1:$E$659,5,FALSE()) -> 95 | Q1290: =VLOOKUP(B1290,'Team Data'!$A$1:$E$659,4,FALSE()) -> 452 | R1290: =VLOOKUP(B1290,'Team Data'!$A$1:$E$659,5,FALSE()) -> 578 | S1290: =IF(I1290=1,(MIN(30,(C1290-D1290)))*(M1290/(M1290+N1290))*(Q1290/(Q1290+R1290)),(MAX(-30,(C1290-D1290)))*(N1290/(M1290+N1290))*(R1290/(R1290+Q1290))) -> -6.6489556 | T1290: =IF(J1290=1,(MIN(30,(D1290-C1290)))*(K1290/(K1290+L1290))*(O1290/(O1290+P1290)),(MAX(-30,(D1290-C1290)))*(L1290/(K1290+L1290))*(P1290/(P1290+O1290))) -> 0 | U1290: 43070
A1291: Campbell | B1291: Stetson | C1291: 85 | D1291: 78 | I1291: 1 | J1291: 0 | K1291: =VLOOKUP(A1291,'Team Data'!$A$1:$E$659,2,FALSE()) -> 18 | L1291: =VLOOKUP(A1291,'Team Data'!$A$1:$E$659,3,FALSE()) -> 16 | M1291: =VLOOKUP(B1291,'Team Data'!$A$1:$E$659,2,FALSE()) -> 12 | N1291: =VLOOKUP(B1291,'Team Data'!$A$1:$E$659,3,FALSE()) -> 20 | O1291: =VLOOKUP(A1291,'Team Data'!$A$1:$E$659,4,FALSE()) -> 493 | P1291: =VLOOKUP(A1291,'Team Data'!$A$1:$E$659,5,FALSE()) -> 541 | Q1291: =VLOOKUP(B1291,'Team Data'!$A$1:$E$659,4,FALSE()) -> 427 | R1291: =VLOOKUP(B1291,'Team Data'!$A$1:$E$659,5,FALSE()) -> 489 | S1291: =IF(I1291=1,(MIN(30,(C1291-D1291)))*(M1291/(M1291+N1291))*(Q1291/(Q1291+R1291)),(MAX(-30,(C1291-D1291)))*(N1291/(M1291+N1291))*(R1291/(R1291+Q1291))) -> 1.2236627 | T1291: =IF(J1291=1,(MIN(30,(D1291-C1291)))*(K1291/(K1291+L1291))*(O1291/(O1291+P1291)),(MAX(-30,(D1291-C1291)))*(L1291/(K1291+L1291))*(P1291/(P1291+O1291))) -> -1.723518 | U1291: 43070
A1292: Harvard | B1292: Northeastern | C1292: 61 | D1292: 77 | I1292: 0 | J1292: 1 | K1292: =VLOOKUP(A1292,'Team Data'!$A$1:$E$659,2,FALSE()) -> 18 | L1292: =VLOOKUP(A1292,'Team Data'!$A$1:$E$659,3,FALSE()) -> 14 | M1292: =VLOOKUP(B1292,'Team Data'!$A$1:$E$659,2,FALSE()) -> 23 | N1292: =VLOOKUP(B1292,'Team Data'!$A$1:$E$659,3,FALSE()) -> 10 | O1292: =VLOOKUP(A1292,'Team Data'!$A$1:$E$659,4,FALSE()) -> 490 | P1292: =VLOOKUP(A1292,'Team Data'!$A$1:$E$659,5,FALSE()) -> 466 | Q1292: =VLOOKUP(B1292,'Team Data'!$A$1:$E$659,4,FALSE()) -> 563 | R1292: =VLOOKUP(B1292,'Team Data'!$A$1:$E$659,5,FALSE()) -> 481 | S1292: =IF(I1292=1,(MIN(30,(C1292-D1292)))*(M1292/(M1292+N1292))*(Q1292/(Q1292+R1292)),(MAX(-30,(C1292-D1292)))*(N1292/(M1292+N1292))*(R1292/(R1292+Q1292))) -> -2.2338326 | T1292: =IF(J1292=1,(MIN(30,(D1292-C1292)))*(K1292/(K1292+L1292))*(O1292/(O1292+P1292)),(MAX(-30,(D1292-C1292)))*(L1292/(K1292+L1292))*(P1292/(P1292+O1292))) -> 4.6129707 | U1292: 43070
A1293: Molloy | B1293: Hofstra | C1293: 72 | D1293: 107 | I1293: 0 | J1293: 1 | K1293: =VLOOKUP(A1293,'Team Data'!$A$1:$E$659,2,FALSE()) -> 0 | L1293: =VLOOKUP(A1293,'Team Data'!$A$1:$E$659,3,FALSE()) -> 2 | M1293: =VLOOKUP(B1293,'Team Data'!$A$1:$E$659,2,FALSE()) -> 19 | N1293: =VLOOKUP(B1293,'Team Data'!$A$1:$E$659,3,FALSE()) -> 12 | O1293: =VLOOKUP(A1293,'Team Data'!$A$1:$E$659,4,FALSE()) -> 35 | P1293: =VLOOKUP(A1293,'Team Data'!$A$1:$E$659,5,FALSE()) -> 29 | Q1293: =VLOOKUP(B1293,'Team Data'!$A$1:$E$659,4,FALSE()) -> 498 | R1293: =VLOOKUP(B1293,'Team Data'!$A$1:$E$659,5,FALSE()) -> 473 | S1293: =IF(I1293=1,(MIN(30,(C1293-D1293)))*(M1293/(M1293+N1293))*(Q1293/(Q1293+R1293)),(MAX(-30,(C1293-D1293)))*(N1293/(M1293+N1293))*(R1293/(R1293+Q1293))) -> -5.6569549 | T1293: =IF(J1293=1,(MIN(30,(D1293-C1293)))*(K1293/(K1293+L1293))*(O1293/(O1293+P1293)),(MAX(-30,(D1293-C1293)))*(L1293/(K1293+L1293))*(P1293/(P1293+O1293))) -> 0 | U1293: 43070
A1294: College Of New Rochelle | B1294: St. Francis Brooklyn | C1294: 79 | D1294: 104 | I1294: 0 | J1294: 1 | K1294: =VLOOKUP(A1294,'Team Data'!$A$1:$E$659,2,FALSE()) -> 0 | L1294: =VLOOKUP(A1294,'Team Data'!$A$1:$E$659,3,FALSE()) -> 2 | M1294: =VLOOKUP(B1294,'Team Data'!$A$1:$E$659,2,FALSE()) -> 13 | N1294: =VLOOKUP(B1294,'Team Data'!$A$1:$E$659,3,FALSE()) -> 18 | O1294: =VLOOKUP(A1294,'Team Data'!$A$1:$E$659,4,FALSE()) -> 31 | P1294: =VLOOKUP(A1294,'Team Data'!$A$1:$E$659,5,FALSE()) -> 35 | Q1294: =VLOOKUP(B1294,'Team Data'!$A$1:$E$659,4,FALSE()) -> 437 | R1294: =VLOOKUP(B1294,'Team Data'!$A$1:$E$659,5,FALSE()) -> 490 | S1294: =IF(I1294=1,(MIN(30,(C1294-D1294)))*(M1294/(M1294+N1294))*(Q1294/(Q1294+R1294)),(MAX(-30,(C1294-D1294)))*(N1294/(M1294+N1294))*(R1294/(R1294+Q1294))) -> -7.6730348 | T1294: =IF(J1294=1,(MIN(30,(D1294-C1294)))*(K1294/(K1294+L1294))*(O1294/(O1294+P1294)),(MAX(-30,(D1294-C1294)))*(L1294/(K1294+L1294))*(P1294/(P1294+O1294))) -> 0 | U1294: 43070
... A1298: North Carolina A&T | B1298: Central Connecticut | C1298: 59 | D1298: 72 | I1298: 0 | J1298: 1 | K1298: =VLOOKUP(A1298,'Team Data'!$A$1:$E$659,2,FALSE()) -> 20 | L1298: =VLOOKUP(A1298,'Team Data'!$A$1:$E$659,3,FALSE()) -> 15 | M1298: =VLOOKUP(B1298,'Team Data'!$A$1:$E$659,2,FALSE()) -> 14 | N1298: =VLOOKUP(B1298,'Team Data'!$A$1:$E$659,3,FALSE()) -> 18 | O1298: =VLOOKUP(A1298,'Team Data'!$A$1:$E$659,4,FALSE()) -> 455 | P1298: =VLOOKUP(A1298,'Team Data'!$A$1:$E$659,5,FALSE()) -> 629 | Q1298: =VLOOKUP(B1298,'Team Data'!$A$1:$E$659,4,FALSE()) -> 456 | R1298: =VLOOKUP(B1298,'Team Data'!$A$1:$E$659,5,FALSE()) -> 570 | S1298: =IF(I1298=1,(MIN(30,(C1298-D1298)))*(M1298/(M1298+N1298))*(Q1298/(Q1298+R1298)),(MAX(-30,(C1298-D1298)))*(N1298/(M1298+N1298))*(R1298/(R1298+Q1298))) -> -4.0625 | T1298: =IF(J1298=1,(MIN(30,(D1298-C1298)))*(K1298/(K1298+L1298))*(O1298/(O1298+P1298)),(MAX(-30,(D1298-C1298)))*(L1298/(K1298+L1298))*(P1298/(P1298+O1298))) -> 3.1180812 | U1298: 43070
A1299: Bethune-Cookman | B1299: Jacksonville | C1299: 77 | D1299: 66 | E1299: 46 | F1299: 44 | G1299: 13 | H1299: 18 | I1299: 1 | J1299: 0 | K1299: =VLOOKUP(A1299,'Team Data'!$A$1:$E$659,2,FALSE()) -> 18 | L1299: =VLOOKUP(A1299,'Team Data'!$A$1:$E$659,3,FALSE()) -> 14 | M1299: =VLOOKUP(B1299,'Team Data'!$A$1:$E$659,2,FALSE()) -> 15 | N1299: =VLOOKUP(B1299,'Team Data'!$A$1:$E$659,3,FALSE()) -> 18 | O1299: =VLOOKUP(A1299,'Team Data'!$A$1:$E$659,4,FALSE()) -> 374 | P1299: =VLOOKUP(A1299,'Team Data'!$A$1:$E$659,5,FALSE()) -> 605 | Q1299: =VLOOKUP(B1299,'Team Data'!$A$1:$E$659,4,FALSE()) -> 463 | R1299: =VLOOKUP(B1299,'Team Data'!$A$1:$E$659,5,FALSE()) -> 494 | S1299: =IF(I1299=1,(MIN(30,(C1299-D1299)))*(M1299/(M1299+N1299))*(Q1299/(Q1299+R1299)),(MAX(-30,(C1299-D1299)))*(N1299/(M1299+N1299))*(R1299/(R1299+Q1299))) -> 2.4190178 | T1299: =IF(J1299=1,(MIN(30,(D1299-C1299)))*(K1299/(K1299+L1299))*(O1299/(O1299+P1299)),(MAX(-30,(D1299-C1299)))*(L1299/(K1299+L1299))*(P1299/(P1299+O1299))) -> -2.9740169 | U1299: 43070
A1300: St. Thomas (TX) | B1300: Sam Houston | C1300: 54 | D1300: 77 | E1300: 28 | F1300: 35 | G1300: 25 | H1300: 18 | I1300: 0 | J1300: 1 | K1300: =VLOOKUP(A1300,'Team Data'!$A$1:$E$659,2,FALSE()) -> 0 | L1300: =VLOOKUP(A1300,'Team Data'!$A$1:$E$659,3,FALSE()) -> 3 | M1300: =VLOOKUP(B1300,'Team Data'!$A$1:$E$659,2,FALSE()) -> 21 | N1300: =VLOOKUP(B1300,'Team Data'!$A$1:$E$659,3,FALSE()) -> 15 | O1300: =VLOOKUP(A1300,'Team Data'!$A$1:$E$659,4,FALSE()) -> 47 | P1300: =VLOOKUP(A1300,'Team Data'!$A$1:$E$659,5,FALSE()) -> 53 | Q1300: =VLOOKUP(B1300,'Team Data'!$A$1:$E$659,4,FALSE()) -> 540 | R1300: =VLOOKUP(B1300,'Team Data'!$A$1:$E$659,5,FALSE()) -> 510 | S1300: =IF(I1300=1,(MIN(30,(C1300-D1300)))*(M1300/(M1300+N1300))*(Q1300/(Q1300+R1300)),(MAX(-30,(C1300-D1300)))*(N1300/(M1300+N1300))*(R1300/(R1300+Q1300))) -> -4.6547619 | T1300: =IF(J1300=1,(MIN(30,(D1300-C1300)))*(K1300/(K1300+L1300))*(O1300/(O1300+P1300)),(MAX(-30,(D1300-C1300)))*(L1300/(K1300+L1300))*(P1300/(P1300+O1300))) -> 0 | U1300: 43070
A1301: UT Rio Grande Valley | B1301: Texas A&M | C1301: 60 | D1301: 78 | E1301: 39 | F1301: 47 | G1301: 9 | H1301: 13 | I1301: 0 | J1301: 1 | K1301: =VLOOKUP(A1301,'Team Data'!$A$1:$E$659,2,FALSE()) -> 15 | L1301: =VLOOKUP(A1301,'Team Data'!$A$1:$E$659,3,FALSE()) -> 18 | M1301: =VLOOKUP(B1301,'Team Data'!$A$1:$E$659,2,FALSE()) -> 19 | N1301: =VLOOKUP(B1301,'Team Data'!$A$1:$E$659,3,FALSE()) -> 13 | O1301: =VLOOKUP(A1301,'Team Data'!$A$1:$E$659,4,FALSE()) -> 519 | P1301: =VLOOKUP(A1301,'Team Data'!$A$1:$E$659,5,FALSE()) -> 499 | Q1301: =VLOOKUP(B1301,'Team Data'!$A$1:$E$659,4,FALSE()) -> 664 | R1301: =VLOOKUP(B1301,'Team Data'!$A$1:$E$659,5,FALSE()) -> 424 | S1301: =IF(I1301=1,(MIN(30,(C1301-D1301)))*(M1301/(M1301+N1301))*(Q1301/(Q1301+R1301)),(MAX(-30,(C1301-D1301)))*(N1301/(M1301+N1301))*(R1301/(R1301+Q1301))) -> -2.8497243 | T1301: =IF(J1301=1,(MIN(30,(D1301-C1301)))*(K1301/(K1301+L1301))*(O1301/(O1301+P1301)),(MAX(-30,(D1301-C1301)))*(L1301/(K1301+L1301))*(P1301/(P1301+O1301))) -> 4.1712806 | U1301: 43070
A1302: Ottawa (AZ) | B1302: UTSA | C1302: 64 | D1302: 125 | E1302: 33 | F1302: 67 | G1302: 19 | H1302: 12 | I1302: 0 | J1302: 1 | K1302: =VLOOKUP(A1302,'Team Data'!$A$1:$E$659,2,FALSE()) -> 0 | L1302: =VLOOKUP(A1302,'Team Data'!$A$1:$E$659,3,FALSE()) -> 1 | M1302: =VLOOKUP(B1302,'Team Data'!$A$1:$E$659,2,FALSE()) -> 20 | N1302: =VLOOKUP(B1302,'Team Data'!$A$1:$E$659,3,FALSE()) -> 15 | O1302: =VLOOKUP(A1302,'Team Data'!$A$1:$E$659,4,FALSE()) -> 20 | P1302: =VLOOKUP(A1302,'Team Data'!$A$1:$E$659,5,FALSE()) -> 15 | Q1302: =VLOOKUP(B1302,'Team Data'!$A$1:$E$659,4,FALSE()) -> 530 | R1302: =VLOOKUP(B1302,'Team Data'!$A$1:$E$659,5,FALSE()) -> 524 | S1302: =IF(I1302=1,(MIN(30,(C1302-D1302)))*(M1302/(M1302+N1302))*(Q1302/(Q1302+R1302)),(MAX(-30,(C1302-D1302)))*(N1302/(M1302+N1302))*(R1302/(R1302+Q1302))) -> -6.3919761 | T1302: =IF(J1302=1,(MIN(30,(D1302-C1302)))*(K1302/(K1302+L1302))*(O1302/(O1302+P1302)),(MAX(-30,(D1302-C1302)))*(L1302/(K1302+L1302))*(P1302/(P1302+O1302))) -> 0 | U1302: 43070
A1303: Alabama State | B1303: Jacksonville State | C1303: 69 | D1303: 77 | E1303: 33 | F1303: 38 | G1303: 12 | H1303: 17 | I1303: 0 | J1303: 1 | K1303: =VLOOKUP(A1303,'Team Data'!$A$1:$E$659,2,FALSE()) -> 8 | L1303: =VLOOKUP(A1303,'Team Data'!$A$1:$E$659,3,FALSE()) -> 23 | M1303: =VLOOKUP(B1303,'Team Data'!$A$1:$E$659,2,FALSE()) -> 23 | N1303: =VLOOKUP(B1303,'Team Data'!$A$1:$E$659,3,FALSE()) -> 13 | O1303: =VLOOKUP(A1303,'Team Data'!$A$1:$E$659,4,FALSE()) -> 473 | P1303: =VLOOKUP(A1303,'Team Data'!$A$1:$E$659,5,FALSE()) -> 559 | Q1303: =VLOOKUP(B1303,'Team Data'!$A$1:$E$659,4,FALSE()) -> 559 | R1303: =VLOOKUP(B1303,'Team Data'!$A$1:$E$659,5,FALSE()) -> 576 | S1303: =IF(I1303=1,(MIN(30,(C1303-D1303)))*(M1303/(M1303+N1303))*(Q1303/(Q1303+R1303)),(MAX(-30,(C1303-D1303)))*(N1303/(M1303+N1303))*(R1303/(R1303+Q1303))) -> -1.4660793 | T1303: =IF(J1303=1,(MIN(30,(D1303-C1303)))*(K1303/(K1303+L1303))*(O1303/(O1303+P1303)),(MAX(-30,(D1303-C1303)))*(L1303/(K1303+L1303))*(P1303/(P1303+O1303))) -> 0.94623656 | U1303: 43070
A1304: North Texas | B1304: Oklahoma | C1304: 72 | D1304: 82 | E1304: 31 | F1304: 28 | G1304: 14 | H1304: 7 | I1304: 0 | J1304: 1 | K1304: =VLOOKUP(A1304,'Team Data'!$A$1:$E$659,2,FALSE()) -> 20 | L1304: =VLOOKUP(A1304,'Team Data'!$A$1:$E$659,3,FALSE()) -> 18 | M1304: =VLOOKUP(B1304,'Team Data'!$A$1:$E$659,2,FALSE()) -> 18 | N1304: =VLOOKUP(B1304,'Team Data'!$A$1:$E$659,3,FALSE()) -> 14 | O1304: =VLOOKUP(A1304,'Team Data'!$A$1:$E$659,4,FALSE()) -> 623 | P1304: =VLOOKUP(A1304,'Team Data'!$A$1:$E$659,5,FALSE()) -> 572 | Q1304: =VLOOKUP(B1304,'Team Data'!$A$1:$E$659,4,FALSE()) -> 650 | R1304: =VLOOKUP(B1304,'Team Data'!$A$1:$E$659,5,FALSE()) -> 442 | S1304: =IF(I1304=1,(MIN(30,(C1304-D1304)))*(M1304/(M1304+N1304))*(Q1304/(Q1304+R1304)),(MAX(-30,(C1304-D1304)))*(N1304/(M1304+N1304))*(R1304/(R1304+Q1304))) -> -1.7708333 | T1304: =IF(J1304=1,(MIN(30,(D1304-C1304)))*(K1304/(K1304+L1304))*(O1304/(O1304+P1304)),(MAX(-30,(D1304-C1304)))*(L1304/(K1304+L1304))*(P1304/(P1304+O1304))) -> 2.743889 | U1304: 43070
A1305: Memphis | B1305: UAB | C1305: 56 | D1305: 71 | E1305: 34 | F1305: 37 | G1305: 12 | H1305: 7 | I1305: 0 | J1305: 1 | K1305: =VLOOKUP(A1305,'Team Data'!$A$1:$E$659,2,FALSE()) -> 21 | L1305: =VLOOKUP(A1305,'Team Data'!$A$1:$E$659,3,FALSE()) -> 13 | M1305: =VLOOKUP(B1305,'Team Data'!$A$1:$E$659,2,FALSE()) -> 20 | N1305: =VLOOKUP(B1305,'Team Data'!$A$1:$E$659,3,FALSE()) -> 13 | O1305: =VLOOKUP(A1305,'Team Data'!$A$1:$E$659,4,FALSE()) -> 568 | P1305: =VLOOKUP(A1305,'Team Data'!$A$1:$E$659,5,FALSE()) -> 531 | Q1305: =VLOOKUP(B1305,'Team Data'!$A$1:$E$659,4,FALSE()) -> 538 | R1305: =VLOOKUP(B1305,'Team Data'!$A$1:$E$659,5,FALSE()) -> 501 | S1305: =IF(I1305=1,(MIN(30,(C1305-D1305)))*(M1305/(M1305+N1305))*(Q1305/(Q1305+R1305)),(MAX(-30,(C1305-D1305)))*(N1305/(M1305+N1305))*(R1305/(R1305+Q1305))) -> -2.8493307 | T1305: =IF(J1305=1,(MIN(30,(D1305-C1305)))*(K1305/(K1305+L1305))*(O1305/(O1305+P1305)),(MAX(-30,(D1305-C1305)))*(L1305/(K1305+L1305))*(P1305/(P1305+O1305))) -> 4.7883102 | U1305: 43070
A1306: UNC Wilmington | B1306: East Carolina | C1306: 88 | D1306: 93 | E1306: 47 | F1306: 44 | G1306: 14 | H1306: 10 | I1306: 0 | J1306: 1 | K1306: =VLOOKUP(A1306,'Team Data'!$A$1:$E$659,2,FALSE()) -> 11 | L1306: =VLOOKUP(A1306,'Team Data'!$A$1:$E$659,3,FALSE()) -> 21 | M1306: =VLOOKUP(B1306,'Team Data'!$A$1:$E$659,2,FALSE()) -> 10 | N1306: =VLOOKUP(B1306,'Team Data'!$A$1:$E$659,3,FALSE()) -> 20 | O1306: =VLOOKUP(A1306,'Team Data'!$A$1:$E$659,4,FALSE()) -> 542 | P1306: =VLOOKUP(A1306,'Team Data'!$A$1:$E$659,5,FALSE()) -> 440 | Q1306: =VLOOKUP(B1306,'Team Data'!$A$1:$E$659,4,FALSE()) -> 495 | R1306: =VLOOKUP(B1306,'Team Data'!$A$1:$E$659,5,FALSE()) -> 484 | S1306: =IF(I1306=1,(MIN(30,(C1306-D1306)))*(M1306/(M1306+N1306))*(Q1306/(Q1306+R1306)),(MAX(-30,(C1306-D1306)))*(N1306/(M1306+N1306))*(R1306/(R1306+Q1306))) -> -1.6479401 | T1306: =IF(J1306=1,(MIN(30,(D1306-C1306)))*(K1306/(K1306+L1306))*(O1306/(O1306+P1306)),(MAX(-30,(D1306-C1306)))*(L1306/(K1306+L1306))*(P1306/(P1306+O1306))) -> 0.94863798 | U1306: 43070
A1307: South Dakota | B1307: Kansas City | C1307: 82 | D1307: 63 | E1307: 46 | F1307: 27 | G1307: 12 | H1307: 13 | I1307: 1 | J1307: 0 | K1307: =VLOOKUP(A1307,'Team Data'!$A$1:$E$659,2,FALSE()) -> 26 | L1307: =VLOOKUP(A1307,'Team Data'!$A$1:$E$659,3,FALSE()) -> 9 | M1307: =VLOOKUP(B1307,'Team Data'!$A$1:$E$659,2,FALSE()) -> 10 | N1307: =VLOOKUP(B1307,'Team Data'!$A$1:$E$659,3,FALSE()) -> 22 | O1307: =VLOOKUP(A1307,'Team Data'!$A$1:$E$659,4,FALSE()) -> 497 | P1307: =VLOOKUP(A1307,'Team Data'!$A$1:$E$659,5,FALSE()) -> 517 | Q1307: =VLOOKUP(B1307,'Team Data'!$A$1:$E$659,4,FALSE()) -> 542 | R1307: =VLOOKUP(B1307,'Team Data'!$A$1:$E$659,5,FALSE()) -> 420 | S1307: =IF(I1307=1,(MIN(30,(C1307-D1307)))*(M1307/(M1307+N1307))*(Q1307/(Q1307+R1307)),(MAX(-30,(C1307-D1307)))*(N1307/(M1307+N1307))*(R1307/(R1307+Q1307))) -> 3.3452443 | T1307: =IF(J1307=1,(MIN(30,(D1307-C1307)))*(K1307/(K1307+L1307))*(O1307/(O1307+P1307)),(MAX(-30,(D1307-C1307)))*(L1307/(K1307+L1307))*(P1307/(P1307+O1307))) -> -2.4910397 | U1307: 43070
A1308: South Carolina | B1308: Temple | C1308: 60 | D1308: 76 | E1308: 33 | F1308: 37 | G1308: 17 | H1308: 14 | I1308: 0 | J1308: 1 | K1308: =VLOOKUP(A1308,'Team Data'!$A$1:$E$659,2,FALSE()) -> 17 | L1308: =VLOOKUP(A1308,'Team Data'!$A$1:$E$659,3,FALSE()) -> 15 | M1308: =VLOOKUP(B1308,'Team Data'!$A$1:$E$659,2,FALSE()) -> 15 | N1308: =VLOOKUP(B1308,'Team Data'!$A$1:$E$659,3,FALSE()) -> 16 | O1308: =VLOOKUP(A1308,'Team Data'!$A$1:$E$659,4,FALSE()) -> 605 | P1308: =VLOOKUP(A1308,'Team Data'!$A$1:$E$659,5,FALSE()) -> 430 | Q1308: =VLOOKUP(B1308,'Team Data'!$A$1:$E$659,4,FALSE()) -> 605 | R1308: =VLOOKUP(B1308,'Team Data'!$A$1:$E$659,5,FALSE()) -> 410 | S1308: =IF(I1308=1,(MIN(30,(C1308-D1308)))*(M1308/(M1308+N1308))*(Q1308/(Q1308+R1308)),(MAX(-30,(C1308-D1308)))*(N1308/(M1308+N1308))*(R1308/(R1308+Q1308))) -> -3.3357699 | T1308: =IF(J1308=1,(MIN(30,(D1308-C1308)))*(K1308/(K1308+L1308))*(O1308/(O1308+P1308)),(MAX(-30,(D1308-C1308)))*(L1308/(K1308+L1308))*(P1308/(P1308+O1308))) -> 4.968599 | U1308: 43070
A1309: Missouri | B1309: UCF | C1309: 62 | D1309: 59 | E1309: 31 | F1309: 34 | G1309: 9 | H1309: 13 | I1309: 1 | J1309: 0 | K1309: =VLOOKUP(A1309,'Team Data'!$A$1:$E$659,2,FALSE()) -> 20 | L1309: =VLOOKUP(A1309,'Team Data'!$A$1:$E$659,3,FALSE()) -> 13 | M1309: =VLOOKUP(B1309,'Team Data'!$A$1:$E$659,2,FALSE()) -> 19 | N1309: =VLOOKUP(B1309,'Team Data'!$A$1:$E$659,3,FALSE()) -> 13 | O1309: =VLOOKUP(A1309,'Team Data'!$A$1:$E$659,4,FALSE()) -> 621 | P1309: =VLOOKUP(A1309,'Team Data'!$A$1:$E$659,5,FALSE()) -> 453 | Q1309: =VLOOKUP(B1309,'Team Data'!$A$1:$E$659,4,FALSE()) -> 582 | R1309: =VLOOKUP(B1309,'Team Data'!$A$1:$E$659,5,FALSE()) -> 465 | S1309: =IF(I1309=1,(MIN(30,(C1309-D1309)))*(M1309/(M1309+N1309))*(Q1309/(Q1309+R1309)),(MAX(-30,(C1309-D1309)))*(N1309/(M1309+N1309))*(R1309/(R1309+Q1309))) -> 0.99015043 | T1309: =IF(J1309=1,(MIN(30,(D1309-C1309)))*(K1309/(K1309+L1309))*(O1309/(O1309+P1309)),(MAX(-30,(D1309-C1309)))*(L1309/(K1309+L1309))*(P1309/(P1309+O1309))) -> -0.49847638 | U1309: 43070
A1310: Multnomah University | B1310: Portland | C1310: 65 | D1310: 112 | E1310: 32 | F1310: 52 | G1310: 11 | H1310: 7 | I1310: 0 | J1310: 1 | K1310: =VLOOKUP(A1310,'Team Data'!$A$1:$E$659,2,FALSE()) -> 0 | L1310: =VLOOKUP(A1310,'Team Data'!$A$1:$E$659,3,FALSE()) -> 1 | M1310: =VLOOKUP(B1310,'Team Data'!$A$1:$E$659,2,FALSE()) -> 10 | N1310: =VLOOKUP(B1310,'Team Data'!$A$1:$E$659,3,FALSE()) -> 22 | O1310: =VLOOKUP(A1310,'Team Data'!$A$1:$E$659,4,FALSE()) -> 10 | P1310: =VLOOKUP(A1310,'Team Data'!$A$1:$E$659,5,FALSE()) -> 22 | Q1310: =VLOOKUP(B1310,'Team Data'!$A$1:$E$659,4,FALSE()) -> 517 | R1310: =VLOOKUP(B1310,'Team Data'!$A$1:$E$659,5,FALSE()) -> 456 | S1310: =IF(I1310=1,(MIN(30,(C1310-D1310)))*(M1310/(M1310+N1310))*(Q1310/(Q1310+R1310)),(MAX(-30,(C1310-D1310)))*(N1310/(M1310+N1310))*(R1310/(R1310+Q1310))) -> -9.6659815 | T1310: =IF(J1310=1,(MIN(30,(D1310-C1310)))*(K1310/(K1310+L1310))*(O1310/(O1310+P1310)),(MAX(-30,(D1310-C1310)))*(L1310/(K1310+L1310))*(P1310/(P1310+O1310))) -> 0 | U1310: 43070
... A4037: Penn State | B4037: Michigan State | C4037: 68 | D4037: 76 | E4037: 29 | F4037: 40 | G4037: 8 | H4037: 16 | I4037: 0 | J4037: 1 | K4037: =VLOOKUP(A4037,'Team Data'!$A$1:$E$659,2,FALSE()) -> 26 | L4037: =VLOOKUP(A4037,'Team Data'!$A$1:$E$659,3,FALSE()) -> 12 | M4037: =VLOOKUP(B4037,'Team Data'!$A$1:$E$659,2,FALSE()) -> 29 | N4037: =VLOOKUP(B4037,'Team Data'!$A$1:$E$659,3,FALSE()) -> 5 | O4037: =VLOOKUP(A4037,'Team Data'!$A$1:$E$659,4,FALSE()) -> 700 | P4037: =VLOOKUP(A4037,'Team Data'!$A$1:$E$659,5,FALSE()) -> 549 | Q4037: =VLOOKUP(B4037,'Team Data'!$A$1:$E$659,4,FALSE()) -> 622 | R4037: =VLOOKUP(B4037,'Team Data'!$A$1:$E$659,5,FALSE()) -> 516 | S4037: =IF(I4037=1,(MIN(30,(C4037-D4037)))*(M4037/(M4037+N4037))*(Q4037/(Q4037+R4037)),(MAX(-30,(C4037-D4037)))*(N4037/(M4037+N4037))*(R4037/(R4037+Q4037))) -> -0.53344361 | T4037: =IF(J4037=1,(MIN(30,(D4037-C4037)))*(K4037/(K4037+L4037))*(O4037/(O4037+P4037)),(MAX(-30,(D4037-C4037)))*(L4037/(K4037+L4037))*(P4037/(P4037+O4037))) -> 3.0677173 | U4037: 43131
A4038: West Virginia | B4038: Iowa State | C4038: 77 | D4038: 93 | I4038: 0 | J4038: 1 | K4038: =VLOOKUP(A4038,'Team Data'!$A$1:$E$659,2,FALSE()) -> 26 | L4038: =VLOOKUP(A4038,'Team Data'!$A$1:$E$659,3,FALSE()) -> 10 | M4038: =VLOOKUP(B4038,'Team Data'!$A$1:$E$659,2,FALSE()) -> 12 | N4038: =VLOOKUP(B4038,'Team Data'!$A$1:$E$659,3,FALSE()) -> 18 | O4038: =VLOOKUP(A4038,'Team Data'!$A$1:$E$659,4,FALSE()) -> 708 | P4038: =VLOOKUP(A4038,'Team Data'!$A$1:$E$659,5,FALSE()) -> 504 | Q4038: =VLOOKUP(B4038,'Team Data'!$A$1:$E$659,4,FALSE()) -> 594 | R4038: =VLOOKUP(B4038,'Team Data'!$A$1:$E$659,5,FALSE()) -> 420 | S4038: =IF(I4038=1,(MIN(30,(C4038-D4038)))*(M4038/(M4038+N4038))*(Q4038/(Q4038+R4038)),(MAX(-30,(C4038-D4038)))*(N4038/(M4038+N4038))*(R4038/(R4038+Q4038))) -> -3.9763314 | T4038: =IF(J4038=1,(MIN(30,(D4038-C4038)))*(K4038/(K4038+L4038))*(O4038/(O4038+P4038)),(MAX(-30,(D4038-C4038)))*(L4038/(K4038+L4038))*(P4038/(P4038+O4038))) -> 6.750275 | U4038: 43132
A4039: Coppin State | B4039: Hampton | C4039: 59 | D4039: 70 | I4039: 0 | J4039: 1 | K4039: =VLOOKUP(A4039,'Team Data'!$A$1:$E$659,2,FALSE()) -> 5 | L4039: =VLOOKUP(A4039,'Team Data'!$A$1:$E$659,3,FALSE()) -> 27 | M4039: =VLOOKUP(B4039,'Team Data'!$A$1:$E$659,2,FALSE()) -> 19 | N4039: =VLOOKUP(B4039,'Team Data'!$A$1:$E$659,3,FALSE()) -> 16 | O4039: =VLOOKUP(A4039,'Team Data'!$A$1:$E$659,4,FALSE()) -> 512 | P4039: =VLOOKUP(A4039,'Team Data'!$A$1:$E$659,5,FALSE()) -> 548 | Q4039: =VLOOKUP(B4039,'Team Data'!$A$1:$E$659,4,FALSE()) -> 472 | R4039: =VLOOKUP(B4039,'Team Data'!$A$1:$E$659,5,FALSE()) -> 580 | S4039: =IF(I4039=1,(MIN(30,(C4039-D4039)))*(M4039/(M4039+N4039))*(Q4039/(Q4039+R4039)),(MAX(-30,(C4039-D4039)))*(N4039/(M4039+N4039))*(R4039/(R4039+Q4039))) -> -2.7724063 | T4039: =IF(J4039=1,(MIN(30,(D4039-C4039)))*(K4039/(K4039+L4039))*(O4039/(O4039+P4039)),(MAX(-30,(D4039-C4039)))*(L4039/(K4039+L4039))*(P4039/(P4039+O4039))) -> 0.83018868 | U4039: 43132
A4040: Colgate | B4040: Lafayette | C4040: 83 | D4040: 93 | I4040: 0 | J4040: 1 | K4040: =VLOOKUP(A4040,'Team Data'!$A$1:$E$659,2,FALSE()) -> 19 | L4040: =VLOOKUP(A4040,'Team Data'!$A$1:$E$659,3,FALSE()) -> 14 | M4040: =VLOOKUP(B4040,'Team Data'!$A$1:$E$659,2,FALSE()) -> 10 | N4040: =VLOOKUP(B4040,'Team Data'!$A$1:$E$659,3,FALSE()) -> 21 | O4040: =VLOOKUP(A4040,'Team Data'!$A$1:$E$659,4,FALSE()) -> 475 | P4040: =VLOOKUP(A4040,'Team Data'!$A$1:$E$659,5,FALSE()) -> 542 | Q4040: =VLOOKUP(B4040,'Team Data'!$A$1:$E$659,4,FALSE()) -> 459 | R4040: =VLOOKUP(B4040,'Team Data'!$A$1:$E$659,5,FALSE()) -> 493 | S4040: =IF(I4040=1,(MIN(30,(C4040-D4040)))*(M4040/(M4040+N4040))*(Q4040/(Q4040+R4040)),(MAX(-30,(C4040-D4040)))*(N4040/(M4040+N4040))*(R4040/(R4040+Q4040))) -> -3.5080645 | T4040: =IF(J4040=1,(MIN(30,(D4040-C4040)))*(K4040/(K4040+L4040))*(O4040/(O4040+P4040)),(MAX(-30,(D4040-C4040)))*(L4040/(K4040+L4040))*(P4040/(P4040+O4040))) -> 2.6891332 | U4040: 43132
A4041: Loyola Maryland | B4041: Boston University | C4041: 55 | D4041: 64 | I4041: 0 | J4041: 1 | K4041: =VLOOKUP(A4041,'Team Data'!$A$1:$E$659,2,FALSE()) -> 9 | L4041: =VLOOKUP(A4041,'Team Data'!$A$1:$E$659,3,FALSE()) -> 22 | M4041: =VLOOKUP(B4041,'Team Data'!$A$1:$E$659,2,FALSE()) -> 15 | N4041: =VLOOKUP(B4041,'Team Data'!$A$1:$E$659,3,FALSE()) -> 16 | O4041: =VLOOKUP(A4041,'Team Data'!$A$1:$E$659,4,FALSE()) -> 465 | P4041: =VLOOKUP(A4041,'Team Data'!$A$1:$E$659,5,FALSE()) -> 484 | Q4041: =VLOOKUP(B4041,'Team Data'!$A$1:$E$659,4,FALSE()) -> 460 | R4041: =VLOOKUP(B4041,'Team Data'!$A$1:$E$659,5,FALSE()) -> 490 | S4041: =IF(I4041=1,(MIN(30,(C4041-D4041)))*(M4041/(M4041+N4041))*(Q4041/(Q4041+R4041)),(MAX(-30,(C4041-D4041)))*(N4041/(M4041+N4041))*(R4041/(R4041+Q4041))) -> -2.3959253 | T4041: =IF(J4041=1,(MIN(30,(D4041-C4041)))*(K4041/(K4041+L4041))*(O4041/(O4041+P4041)),(MAX(-30,(D4041-C4041)))*(L4041/(K4041+L4041))*(P4041/(P4041+O4041))) -> 1.280295 | U4041: 43132
A4042: Army | B4042: Bucknell | C4042: 71 | D4042: 83 | I4042: 0 | J4042: 1 | K4042: =VLOOKUP(A4042,'Team Data'!$A$1:$E$659,2,FALSE()) -> 13 | L4042: =VLOOKUP(A4042,'Team Data'!$A$1:$E$659,3,FALSE()) -> 17 | M4042: =VLOOKUP(B4042,'Team Data'!$A$1:$E$659,2,FALSE()) -> 25 | N4042: =VLOOKUP(B4042,'Team Data'!$A$1:$E$659,3,FALSE()) -> 10 | O4042: =VLOOKUP(A4042,'Team Data'!$A$1:$E$659,4,FALSE()) -> 403 | P4042: =VLOOKUP(A4042,'Team Data'!$A$1:$E$659,5,FALSE()) -> 509 | Q4042: =VLOOKUP(B4042,'Team Data'!$A$1:$E$659,4,FALSE()) -> 540 | R4042: =VLOOKUP(B4042,'Team Data'!$A$1:$E$659,5,FALSE()) -> 573 | S4042: =IF(I4042=1,(MIN(30,(C4042-D4042)))*(M4042/(M4042+N4042))*(Q4042/(Q4042+R4042)),(MAX(-30,(C4042-D4042)))*(N4042/(M4042+N4042))*(R4042/(R4042+Q4042))) -> -1.7651136 | T4042: =IF(J4042=1,(MIN(30,(D4042-C4042)))*(K4042/(K4042+L4042))*(O4042/(O4042+P4042)),(MAX(-30,(D4042-C4042)))*(L4042/(K4042+L4042))*(P4042/(P4042+O4042))) -> 2.297807 | U4042: 43132
A4043: Pittsburgh | B4043: Miami | C4043: 57 | D4043: 69 | I4043: 0 | J4043: 1 | K4043: =VLOOKUP(A4043,'Team Data'!$A$1:$E$659,2,FALSE()) -> 8 | L4043: =VLOOKUP(A4043,'Team Data'!$A$1:$E$659,3,FALSE()) -> 23 | M4043: =VLOOKUP(B4043,'Team Data'!$A$1:$E$659,2,FALSE()) -> 22 | N4043: =VLOOKUP(B4043,'Team Data'!$A$1:$E$659,3,FALSE()) -> 10 | O4043: =VLOOKUP(A4043,'Team Data'!$A$1:$E$659,4,FALSE()) -> 632 | P4043: =VLOOKUP(A4043,'Team Data'!$A$1:$E$659,5,FALSE()) -> 404 | Q4043: =VLOOKUP(B4043,'Team Data'!$A$1:$E$659,4,FALSE()) -> 612 | R4043: =VLOOKUP(B4043,'Team Data'!$A$1:$E$659,5,FALSE()) -> 453 | S4043: =IF(I4043=1,(MIN(30,(C4043-D4043)))*(M4043/(M4043+N4043))*(Q4043/(Q4043+R4043)),(MAX(-30,(C4043-D4043)))*(N4043/(M4043+N4043))*(R4043/(R4043+Q4043))) -> -1.5950704 | T4043: =IF(J4043=1,(MIN(30,(D4043-C4043)))*(K4043/(K4043+L4043))*(O4043/(O4043+P4043)),(MAX(-30,(D4043-C4043)))*(L4043/(K4043+L4043))*(P4043/(P4043+O4043))) -> 1.8891518 | U4043: 43132
A4044: Providence | B4044: Seton Hall | C4044: 57 | D4044: 73 | I4044: 0 | J4044: 1 | K4044: =VLOOKUP(A4044,'Team Data'!$A$1:$E$659,2,FALSE()) -> 19 | L4044: =VLOOKUP(A4044,'Team Data'!$A$1:$E$659,3,FALSE()) -> 13 | M4044: =VLOOKUP(B4044,'Team Data'!$A$1:$E$659,2,FALSE()) -> 22 | N4044: =VLOOKUP(B4044,'Team Data'!$A$1:$E$659,3,FALSE()) -> 12 | O4044: =VLOOKUP(A4044,'Team Data'!$A$1:$E$659,4,FALSE()) -> 655 | P4044: =VLOOKUP(A4044,'Team Data'!$A$1:$E$659,5,FALSE()) -> 411 | Q4044: =VLOOKUP(B4044,'Team Data'!$A$1:$E$659,4,FALSE()) -> 670 | R4044: =VLOOKUP(B4044,'Team Data'!$A$1:$E$659,5,FALSE()) -> 461 | S4044: =IF(I4044=1,(MIN(30,(C4044-D4044)))*(M4044/(M4044+N4044))*(Q4044/(Q4044+R4044)),(MAX(-30,(C4044-D4044)))*(N4044/(M4044+N4044))*(R4044/(R4044+Q4044))) -> -2.3017631 | T4044: =IF(J4044=1,(MIN(30,(D4044-C4044)))*(K4044/(K4044+L4044))*(O4044/(O4044+P4044)),(MAX(-30,(D4044-C4044)))*(L4044/(K4044+L4044))*(P4044/(P4044+O4044))) -> 5.837242 | U4044: 43132
A4045: Navy | B4045: American University | C4045: 61 | D4045: 44 | I4045: 1 | J4045: 0 | K4045: =VLOOKUP(A4045,'Team Data'!$A$1:$E$659,2,FALSE()) -> 20 | L4045: =VLOOKUP(A4045,'Team Data'!$A$1:$E$659,3,FALSE()) -> 12 | M4045: =VLOOKUP(B4045,'Team Data'!$A$1:$E$659,2,FALSE()) -> 6 | N4045: =VLOOKUP(B4045,'Team Data'!$A$1:$E$659,3,FALSE()) -> 24 | O4045: =VLOOKUP(A4045,'Team Data'!$A$1:$E$659,4,FALSE()) -> 433 | P4045: =VLOOKUP(A4045,'Team Data'!$A$1:$E$659,5,FALSE()) -> 544 | Q4045: =VLOOKUP(B4045,'Team Data'!$A$1:$E$659,4,FALSE()) -> 466 | R4045: =VLOOKUP(B4045,'Team Data'!$A$1:$E$659,5,FALSE()) -> 488 | S4045: =IF(I4045=1,(MIN(30,(C4045-D4045)))*(M4045/(M4045+N4045))*(Q4045/(Q4045+R4045)),(MAX(-30,(C4045-D4045)))*(N4045/(M4045+N4045))*(R4045/(R4045+Q4045))) -> 1.6607966 | T4045: =IF(J4045=1,(MIN(30,(D4045-C4045)))*(K4045/(K4045+L4045))*(O4045/(O4045+P4045)),(MAX(-30,(D4045-C4045)))*(L4045/(K4045+L4045))*(P4045/(P4045+O4045))) -> -3.5496418 | U4045: 43132
A4046: UMBC | B4046: Stony Brook | C4046: 67 | D4046: 63 | I4046: 1 | J4046: 0 | K4046: =VLOOKUP(A4046,'Team Data'!$A$1:$E$659,2,FALSE()) -> 25 | L4046: =VLOOKUP(A4046,'Team Data'!$A$1:$E$659,3,FALSE()) -> 10 | M4046: =VLOOKUP(B4046,'Team Data'!$A$1:$E$659,2,FALSE()) -> 13 | N4046: =VLOOKUP(B4046,'Team Data'!$A$1:$E$659,3,FALSE()) -> 18 | O4046: =VLOOKUP(A4046,'Team Data'!$A$1:$E$659,4,FALSE()) -> 506 | P4046: =VLOOKUP(A4046,'Team Data'!$A$1:$E$659,5,FALSE()) -> 534 | Q4046: =VLOOKUP(B4046,'Team Data'!$A$1:$E$659,4,FALSE()) -> 512 | R4046: =VLOOKUP(B4046,'Team Data'!$A$1:$E$659,5,FALSE()) -> 455 | S4046: =IF(I4046=1,(MIN(30,(C4046-D4046)))*(M4046/(M4046+N4046))*(Q4046/(Q4046+R4046)),(MAX(-30,(C4046-D4046)))*(N4046/(M4046+N4046))*(R4046/(R4046+Q4046))) -> 0.88814758 | T4046: =IF(J4046=1,(MIN(30,(D4046-C4046)))*(K4046/(K4046+L4046))*(O4046/(O4046+P4046)),(MAX(-30,(D4046-C4046)))*(L4046/(K4046+L4046))*(P4046/(P4046+O4046))) -> -0.58681319 | U4046: 43132
A4047: UMass Lowell | B4047: Maine | C4047: 88 | D4047: 64 | I4047: 1 | J4047: 0 | K4047: =VLOOKUP(A4047,'Team Data'!$A$1:$E$659,2,FALSE()) -> 12 | L4047: =VLOOKUP(A4047,'Team Data'!$A$1:$E$659,3,FALSE()) -> 18 | M4047: =VLOOKUP(B4047,'Team Data'!$A$1:$E$659,2,FALSE()) -> 6 | N4047: =VLOOKUP(B4047,'Team Data'!$A$1:$E$659,3,FALSE()) -> 26 | O4047: =VLOOKUP(A4047,'Team Data'!$A$1:$E$659,4,FALSE()) -> 451 | P4047: =VLOOKUP(A4047,'Team Data'!$A$1:$E$659,5,FALSE()) -> 479 | Q4047: =VLOOKUP(B4047,'Team Data'!$A$1:$E$659,4,FALSE()) -> 483 | R4047: =VLOOKUP(B4047,'Team Data'!$A$1:$E$659,5,FALSE()) -> 480 | S4047: =IF(I4047=1,(MIN(30,(C4047-D4047)))*(M4047/(M4047+N4047))*(Q4047/(Q4047+R4047)),(MAX(-30,(C4047-D4047)))*(N4047/(M4047+N4047))*(R4047/(R4047+Q4047))) -> 2.2570093 | T4047: =IF(J4047=1,(MIN(30,(D4047-C4047)))*(K4047/(K4047+L4047))*(O4047/(O4047+P4047)),(MAX(-30,(D4047-C4047)))*(L4047/(K4047+L4047))*(P4047/(P4047+O4047))) -> -7.4167742 | U4047: 43132
A4048: Hartford | B4048: New Hampshire | C4048: 79 | D4048: 62 | I4048: 1 | J4048: 0 | K4048: =VLOOKUP(A4048,'Team Data'!$A$1:$E$659,2,FALSE()) -> 19 | L4048: =VLOOKUP(A4048,'Team Data'!$A$1:$E$659,3,FALSE()) -> 14 | M4048: =VLOOKUP(B4048,'Team Data'!$A$1:$E$659,2,FALSE()) -> 10 | N4048: =VLOOKUP(B4048,'Team Data'!$A$1:$E$659,3,FALSE()) -> 21 | O4048: =VLOOKUP(A4048,'Team Data'!$A$1:$E$659,4,FALSE()) -> 501 | P4048: =VLOOKUP(A4048,'Team Data'!$A$1:$E$659,5,FALSE()) -> 542 | Q4048: =VLOOKUP(B4048,'Team Data'!$A$1:$E$659,4,FALSE()) -> 463 | R4048: =VLOOKUP(B4048,'Team Data'!$A$1:$E$659,5,FALSE()) -> 473 | S4048: =IF(I4048=1,(MIN(30,(C4048-D4048)))*(M4048/(M4048+N4048))*(Q4048/(Q4048+R4048)),(MAX(-30,(C4048-D4048)))*(N4048/(M4048+N4048))*(R4048/(R4048+Q4048))) -> 2.7126413 | T4048: =IF(J4048=1,(MIN(30,(D4048-C4048)))*(K4048/(K4048+L4048))*(O4048/(O4048+P4048)),(MAX(-30,(D4048-C4048)))*(L4048/(K4048+L4048))*(P4048/(P4048+O4048))) -> -3.7478137 | U4048: 43132
A4049: Vermont | B4049: Binghamton | C4049: 68 | D4049: 54 | I4049: 1 | J4049: 0 | K4049: =VLOOKUP(A4049,'Team Data'!$A$1:$E$659,2,FALSE()) -> 27 | L4049: =VLOOKUP(A4049,'Team Data'!$A$1:$E$659,3,FALSE()) -> 8 | M4049: =VLOOKUP(B4049,'Team Data'!$A$1:$E$659,2,FALSE()) -> 11 | N4049: =VLOOKUP(B4049,'Team Data'!$A$1:$E$659,3,FALSE()) -> 20 | O4049: =VLOOKUP(A4049,'Team Data'!$A$1:$E$659,4,FALSE()) -> 551 | P4049: =VLOOKUP(A4049,'Team Data'!$A$1:$E$659,5,FALSE()) -> 544 | Q4049: =VLOOKUP(B4049,'Team Data'!$A$1:$E$659,4,FALSE()) -> 444 | R4049: =VLOOKUP(B4049,'Team Data'!$A$1:$E$659,5,FALSE()) -> 493 | S4049: =IF(I4049=1,(MIN(30,(C4049-D4049)))*(M4049/(M4049+N4049))*(Q4049/(Q4049+R4049)),(MAX(-30,(C4049-D4049)))*(N4049/(M4049+N4049))*(R4049/(R4049+Q4049))) -> 2.353978 | T4049: =IF(J4049=1,(MIN(30,(D4049-C4049)))*(K4049/(K4049+L4049))*(O4049/(O4049+P4049)),(MAX(-30,(D4049-C4049)))*(L4049/(K4049+L4049))*(P4049/(P4049+O4049))) -> -1.5897717 | U4049: 43132
... A4055: Louisville | B4055: Virginia | C4055: 64 | D4055: 74 | I4055: 0 | J4055: 1 | K4055: =VLOOKUP(A4055,'Team Data'!$A$1:$E$659,2,FALSE()) -> 22 | L4055: =VLOOKUP(A4055,'Team Data'!$A$1:$E$659,3,FALSE()) -> 14 | M4055: =VLOOKUP(B4055,'Team Data'!$A$1:$E$659,2,FALSE()) -> 31 | N4055: =VLOOKUP(B4055,'Team Data'!$A$1:$E$659,3,FALSE()) -> 3 | O4055: =VLOOKUP(A4055,'Team Data'!$A$1:$E$659,4,FALSE()) -> 725 | P4055: =VLOOKUP(A4055,'Team Data'!$A$1:$E$659,5,FALSE()) -> 474 | Q4055: =VLOOKUP(B4055,'Team Data'!$A$1:$E$659,4,FALSE()) -> 678 | R4055: =VLOOKUP(B4055,'Team Data'!$A$1:$E$659,5,FALSE()) -> 466 | S4055: =IF(I4055=1,(MIN(30,(C4055-D4055)))*(M4055/(M4055+N4055))*(Q4055/(Q4055+R4055)),(MAX(-30,(C4055-D4055)))*(N4055/(M4055+N4055))*(R4055/(R4055+Q4055))) -> -0.35941999 | T4055: =IF(J4055=1,(MIN(30,(D4055-C4055)))*(K4055/(K4055+L4055))*(O4055/(O4055+P4055)),(MAX(-30,(D4055-C4055)))*(L4055/(K4055+L4055))*(P4055/(P4055+O4055))) -> 3.695209 | U4055: 43132
A4056: Northwestern State | B4056: New Orleans | C4056: 64 | D4056: 82 | E4056: 42 | F4056: 36 | G4056: 22 | H4056: 13 | I4056: 0 | J4056: 1 | K4056: =VLOOKUP(A4056,'Team Data'!$A$1:$E$659,2,FALSE()) -> 4 | L4056: =VLOOKUP(A4056,'Team Data'!$A$1:$E$659,3,FALSE()) -> 25 | M4056: =VLOOKUP(B4056,'Team Data'!$A$1:$E$659,2,FALSE()) -> 16 | N4056: =VLOOKUP(B4056,'Team Data'!$A$1:$E$659,3,FALSE()) -> 17 | O4056: =VLOOKUP(A4056,'Team Data'!$A$1:$E$659,4,FALSE()) -> 425 | P4056: =VLOOKUP(A4056,'Team Data'!$A$1:$E$659,5,FALSE()) -> 394 | Q4056: =VLOOKUP(B4056,'Team Data'!$A$1:$E$659,4,FALSE()) -> 486 | R4056: =VLOOKUP(B4056,'Team Data'!$A$1:$E$659,5,FALSE()) -> 480 | S4056: =IF(I4056=1,(MIN(30,(C4056-D4056)))*(M4056/(M4056+N4056))*(Q4056/(Q4056+R4056)),(MAX(-30,(C4056-D4056)))*(N4056/(M4056+N4056))*(R4056/(R4056+Q4056))) -> -4.6075663 | T4056: =IF(J4056=1,(MIN(30,(D4056-C4056)))*(K4056/(K4056+L4056))*(O4056/(O4056+P4056)),(MAX(-30,(D4056-C4056)))*(L4056/(K4056+L4056))*(P4056/(P4056+O4056))) -> 1.2883668 | U4056: 43132
A4057: Houston Christian | B4057: Stephen F. Austin | C4057: 82 | D4057: 102 | E4057: 36 | F4057: 39 | G4057: 23 | H4057: 24 | I4057: 0 | J4057: 1 | K4057: =VLOOKUP(A4057,'Team Data'!$A$1:$E$659,2,FALSE()) -> 6 | L4057: =VLOOKUP(A4057,'Team Data'!$A$1:$E$659,3,FALSE()) -> 25 | M4057: =VLOOKUP(B4057,'Team Data'!$A$1:$E$659,2,FALSE()) -> 28 | N4057: =VLOOKUP(B4057,'Team Data'!$A$1:$E$659,3,FALSE()) -> 7 | O4057: =VLOOKUP(A4057,'Team Data'!$A$1:$E$659,4,FALSE()) -> 465 | P4057: =VLOOKUP(A4057,'Team Data'!$A$1:$E$659,5,FALSE()) -> 438 | Q4057: =VLOOKUP(B4057,'Team Data'!$A$1:$E$659,4,FALSE()) -> 478 | R4057: =VLOOKUP(B4057,'Team Data'!$A$1:$E$659,5,FALSE()) -> 538 | S4057: =IF(I4057=1,(MIN(30,(C4057-D4057)))*(M4057/(M4057+N4057))*(Q4057/(Q4057+R4057)),(MAX(-30,(C4057-D4057)))*(N4057/(M4057+N4057))*(R4057/(R4057+Q4057))) -> -2.1181102 | T4057: =IF(J4057=1,(MIN(30,(D4057-C4057)))*(K4057/(K4057+L4057))*(O4057/(O4057+P4057)),(MAX(-30,(D4057-C4057)))*(L4057/(K4057+L4057))*(P4057/(P4057+O4057))) -> 1.9933555 | U4057: 43132
A4058: Syracuse | B4058: Georgia Tech | C4058: 51 | D4058: 55 | E4058: 40 | F4058: 38 | G4058: 15 | H4058: 9 | I4058: 0 | J4058: 1 | K4058: =VLOOKUP(A4058,'Team Data'!$A$1:$E$659,2,FALSE()) -> 23 | L4058: =VLOOKUP(A4058,'Team Data'!$A$1:$E$659,3,FALSE()) -> 14 | M4058: =VLOOKUP(B4058,'Team Data'!$A$1:$E$659,2,FALSE()) -> 13 | N4058: =VLOOKUP(B4058,'Team Data'!$A$1:$E$659,3,FALSE()) -> 19 | O4058: =VLOOKUP(A4058,'Team Data'!$A$1:$E$659,4,FALSE()) -> 752 | P4058: =VLOOKUP(A4058,'Team Data'!$A$1:$E$659,5,FALSE()) -> 485 | Q4058: =VLOOKUP(B4058,'Team Data'!$A$1:$E$659,4,FALSE()) -> 625 | R4058: =VLOOKUP(B4058,'Team Data'!$A$1:$E$659,5,FALSE()) -> 447 | S4058: =IF(I4058=1,(MIN(30,(C4058-D4058)))*(M4058/(M4058+N4058))*(Q4058/(Q4058+R4058)),(MAX(-30,(C4058-D4058)))*(N4058/(M4058+N4058))*(R4058/(R4058+Q4058))) -> -0.99032183 | T4058: =IF(J4058=1,(MIN(30,(D4058-C4058)))*(K4058/(K4058+L4058))*(O4058/(O4058+P4058)),(MAX(-30,(D4058-C4058)))*(L4058/(K4058+L4058))*(P4058/(P4058+O4058))) -> 1.5115908 | U4058: 43132
A4059: Lamar | B4059: Abilene Christian | C4059: 69 | D4059: 74 | E4059: 37 | F4059: 36 | G4059: 13 | H4059: 16 | I4059: 0 | J4059: 1 | K4059: =VLOOKUP(A4059,'Team Data'!$A$1:$E$659,2,FALSE()) -> 19 | L4059: =VLOOKUP(A4059,'Team Data'!$A$1:$E$659,3,FALSE()) -> 14 | M4059: =VLOOKUP(B4059,'Team Data'!$A$1:$E$659,2,FALSE()) -> 16 | N4059: =VLOOKUP(B4059,'Team Data'!$A$1:$E$659,3,FALSE()) -> 16 | O4059: =VLOOKUP(A4059,'Team Data'!$A$1:$E$659,4,FALSE()) -> 451 | P4059: =VLOOKUP(A4059,'Team Data'!$A$1:$E$659,5,FALSE()) -> 488 | Q4059: =VLOOKUP(B4059,'Team Data'!$A$1:$E$659,4,FALSE()) -> 459 | R4059: =VLOOKUP(B4059,'Team Data'!$A$1:$E$659,5,FALSE()) -> 461 | S4059: =IF(I4059=1,(MIN(30,(C4059-D4059)))*(M4059/(M4059+N4059))*(Q4059/(Q4059+R4059)),(MAX(-30,(C4059-D4059)))*(N4059/(M4059+N4059))*(R4059/(R4059+Q4059))) -> -1.2527174 | T4059: =IF(J4059=1,(MIN(30,(D4059-C4059)))*(K4059/(K4059+L4059))*(O4059/(O4059+P4059)),(MAX(-30,(D4059-C4059)))*(L4059/(K4059+L4059))*(P4059/(P4059+O4059))) -> 1.3826766 | U4059: 43132
A4060: Florida State | B4060: Wake Forest | C4060: 72 | D4060: 76 | E4060: 37 | F4060: 33 | G4060: 9 | H4060: 12 | I4060: 0 | J4060: 1 | K4060: =VLOOKUP(A4060,'Team Data'!$A$1:$E$659,2,FALSE()) -> 23 | L4060: =VLOOKUP(A4060,'Team Data'!$A$1:$E$659,3,FALSE()) -> 12 | M4060: =VLOOKUP(B4060,'Team Data'!$A$1:$E$659,2,FALSE()) -> 11 | N4060: =VLOOKUP(B4060,'Team Data'!$A$1:$E$659,3,FALSE()) -> 20 | O4060: =VLOOKUP(A4060,'Team Data'!$A$1:$E$659,4,FALSE()) -> 673 | P4060: =VLOOKUP(A4060,'Team Data'!$A$1:$E$659,5,FALSE()) -> 500 | Q4060: =VLOOKUP(B4060,'Team Data'!$A$1:$E$659,4,FALSE()) -> 617 | R4060: =VLOOKUP(B4060,'Team Data'!$A$1:$E$659,5,FALSE()) -> 430 | S4060: =IF(I4060=1,(MIN(30,(C4060-D4060)))*(M4060/(M4060+N4060))*(Q4060/(Q4060+R4060)),(MAX(-30,(C4060-D4060)))*(N4060/(M4060+N4060))*(R4060/(R4060+Q4060))) -> -1.0598638 | T4060: =IF(J4060=1,(MIN(30,(D4060-C4060)))*(K4060/(K4060+L4060))*(O4060/(O4060+P4060)),(MAX(-30,(D4060-C4060)))*(L4060/(K4060+L4060))*(P4060/(P4060+O4060))) -> 1.5081232 | U4060: 43132
A4061: Texas A&M-Corpus Christi | B4061: SE Louisiana | C4061: 67 | D4061: 54 | E4061: 39 | F4061: 28 | G4061: 16 | H4061: 11 | I4061: 1 | J4061: 0 | K4061: =VLOOKUP(A4061,'Team Data'!$A$1:$E$659,2,FALSE()) -> 11 | L4061: =VLOOKUP(A4061,'Team Data'!$A$1:$E$659,3,FALSE()) -> 18 | M4061: =VLOOKUP(B4061,'Team Data'!$A$1:$E$659,2,FALSE()) -> 22 | N4061: =VLOOKUP(B4061,'Team Data'!$A$1:$E$659,3,FALSE()) -> 12 | O4061: =VLOOKUP(A4061,'Team Data'!$A$1:$E$659,4,FALSE()) -> 403 | P4061: =VLOOKUP(A4061,'Team Data'!$A$1:$E$659,5,FALSE()) -> 446 | Q4061: =VLOOKUP(B4061,'Team Data'!$A$1:$E$659,4,FALSE()) -> 500 | R4061: =VLOOKUP(B4061,'Team Data'!$A$1:$E$659,5,FALSE()) -> 508 | S4061: =IF(I4061=1,(MIN(30,(C4061-D4061)))*(M4061/(M4061+N4061))*(Q4061/(Q4061+R4061)),(MAX(-30,(C4061-D4061)))*(N4061/(M4061+N4061))*(R4061/(R4061+Q4061))) -> 4.1725023 | T4061: =IF(J4061=1,(MIN(30,(D4061-C4061)))*(K4061/(K4061+L4061))*(O4061/(O4061+P4061)),(MAX(-30,(D4061-C4061)))*(L4061/(K4061+L4061))*(P4061/(P4061+O4061))) -> -4.2388205 | U4061: 43132
A4062: Savannah State | B4062: Florida A&M | C4062: 107 | D4062: 100 | E4062: 38 | F4062: 37 | G4062: 17 | H4062: 12 | I4062: 1 | J4062: 0 | K4062: =VLOOKUP(A4062,'Team Data'!$A$1:$E$659,2,FALSE()) -> 15 | L4062: =VLOOKUP(A4062,'Team Data'!$A$1:$E$659,3,FALSE()) -> 16 | M4062: =VLOOKUP(B4062,'Team Data'!$A$1:$E$659,2,FALSE()) -> 9 | N4062: =VLOOKUP(B4062,'Team Data'!$A$1:$E$659,3,FALSE()) -> 25 | O4062: =VLOOKUP(A4062,'Team Data'!$A$1:$E$659,4,FALSE()) -> 492 | P4062: =VLOOKUP(A4062,'Team Data'!$A$1:$E$659,5,FALSE()) -> 475 | Q4062: =VLOOKUP(B4062,'Team Data'!$A$1:$E$659,4,FALSE()) -> 507 | R4062: =VLOOKUP(B4062,'Team Data'!$A$1:$E$659,5,FALSE()) -> 582 | S4062: =IF(I4062=1,(MIN(30,(C4062-D4062)))*(M4062/(M4062+N4062))*(Q4062/(Q4062+R4062)),(MAX(-30,(C4062-D4062)))*(N4062/(M4062+N4062))*(R4062/(R4062+Q4062))) -> 0.86266407 | T4062: =IF(J4062=1,(MIN(30,(D4062-C4062)))*(K4062/(K4062+L4062))*(O4062/(O4062+P4062)),(MAX(-30,(D4062-C4062)))*(L4062/(K4062+L4062))*(P4062/(P4062+O4062))) -> -1.7746939 | U4062: 43132
A4063: Northern Iowa | B4063: Evansville | C4063: 49 | D4063: 57 | E4063: 33 | F4063: 32 | G4063: 11 | H4063: 10 | I4063: 0 | J4063: 1 | K4063: =VLOOKUP(A4063,'Team Data'!$A$1:$E$659,2,FALSE()) -> 16 | L4063: =VLOOKUP(A4063,'Team Data'!$A$1:$E$659,3,FALSE()) -> 16 | M4063: =VLOOKUP(B4063,'Team Data'!$A$1:$E$659,2,FALSE()) -> 17 | N4063: =VLOOKUP(B4063,'Team Data'!$A$1:$E$659,3,FALSE()) -> 15 | O4063: =VLOOKUP(A4063,'Team Data'!$A$1:$E$659,4,FALSE()) -> 582 | P4063: =VLOOKUP(A4063,'Team Data'!$A$1:$E$659,5,FALSE()) -> 422 | Q4063: =VLOOKUP(B4063,'Team Data'!$A$1:$E$659,4,FALSE()) -> 548 | R4063: =VLOOKUP(B4063,'Team Data'!$A$1:$E$659,5,FALSE()) -> 447 | S4063: =IF(I4063=1,(MIN(30,(C4063-D4063)))*(M4063/(M4063+N4063))*(Q4063/(Q4063+R4063)),(MAX(-30,(C4063-D4063)))*(N4063/(M4063+N4063))*(R4063/(R4063+Q4063))) -> -1.6846734 | T4063: =IF(J4063=1,(MIN(30,(D4063-C4063)))*(K4063/(K4063+L4063))*(O4063/(O4063+P4063)),(MAX(-30,(D4063-C4063)))*(L4063/(K4063+L4063))*(P4063/(P4063+O4063))) -> 2.3187251 | U4063: 43132
A4064: Loyola Chicago | B4064: Bradley | C4064: 67 | D4064: 69 | E4064: 26 | F4064: 34 | G4064: 14 | H4064: 17 | I4064: 0 | J4064: 1 | K4064: =VLOOKUP(A4064,'Team Data'!$A$1:$E$659,2,FALSE()) -> 32 | L4064: =VLOOKUP(A4064,'Team Data'!$A$1:$E$659,3,FALSE()) -> 6 | M4064: =VLOOKUP(B4064,'Team Data'!$A$1:$E$659,2,FALSE()) -> 20 | N4064: =VLOOKUP(B4064,'Team Data'!$A$1:$E$659,3,FALSE()) -> 13 | O4064: =VLOOKUP(A4064,'Team Data'!$A$1:$E$659,4,FALSE()) -> 662 | P4064: =VLOOKUP(A4064,'Team Data'!$A$1:$E$659,5,FALSE()) -> 561 | Q4064: =VLOOKUP(B4064,'Team Data'!$A$1:$E$659,4,FALSE()) -> 562 | R4064: =VLOOKUP(B4064,'Team Data'!$A$1:$E$659,5,FALSE()) -> 491 | S4064: =IF(I4064=1,(MIN(30,(C4064-D4064)))*(M4064/(M4064+N4064))*(Q4064/(Q4064+R4064)),(MAX(-30,(C4064-D4064)))*(N4064/(M4064+N4064))*(R4064/(R4064+Q4064))) -> -0.36737748 | T4064: =IF(J4064=1,(MIN(30,(D4064-C4064)))*(K4064/(K4064+L4064))*(O4064/(O4064+P4064)),(MAX(-30,(D4064-C4064)))*(L4064/(K4064+L4064))*(P4064/(P4064+O4064))) -> 0.91164952 | U4064: 43132
A4065: Indiana State | B4065: Valparaiso | C4065: 63 | D4065: 69 | E4065: 38 | F4065: 30 | G4065: 22 | H4065: 14 | I4065: 0 | J4065: 1 | K4065: =VLOOKUP(A4065,'Team Data'!$A$1:$E$659,2,FALSE()) -> 13 | L4065: =VLOOKUP(A4065,'Team Data'!$A$1:$E$659,3,FALSE()) -> 18 | M4065: =VLOOKUP(B4065,'Team Data'!$A$1:$E$659,2,FALSE()) -> 15 | N4065: =VLOOKUP(B4065,'Team Data'!$A$1:$E$659,3,FALSE()) -> 17 | O4065: =VLOOKUP(A4065,'Team Data'!$A$1:$E$659,4,FALSE()) -> 547 | P4065: =VLOOKUP(A4065,'Team Data'!$A$1:$E$659,5,FALSE()) -> 412 | Q4065: =VLOOKUP(B4065,'Team Data'!$A$1:$E$659,4,FALSE()) -> 528 | R4065: =VLOOKUP(B4065,'Team Data'!$A$1:$E$659,5,FALSE()) -> 460 | S4065: =IF(I4065=1,(MIN(30,(C4065-D4065)))*(M4065/(M4065+N4065))*(Q4065/(Q4065+R4065)),(MAX(-30,(C4065-D4065)))*(N4065/(M4065+N4065))*(R4065/(R4065+Q4065))) -> -1.4840587 | T4065: =IF(J4065=1,(MIN(30,(D4065-C4065)))*(K4065/(K4065+L4065))*(O4065/(O4065+P4065)),(MAX(-30,(D4065-C4065)))*(L4065/(K4065+L4065))*(P4065/(P4065+O4065))) -> 1.4351643 | U4065: 43132
A4066: Maryland | B4066: Purdue | C4066: 67 | D4066: 75 | E4066: 33 | F4066: 32 | G4066: 14 | H4066: 4 | I4066: 0 | J4066: 1 | K4066: =VLOOKUP(A4066,'Team Data'!$A$1:$E$659,2,FALSE()) -> 19 | L4066: =VLOOKUP(A4066,'Team Data'!$A$1:$E$659,3,FALSE()) -> 13 | M4066: =VLOOKUP(B4066,'Team Data'!$A$1:$E$659,2,FALSE()) -> 30 | N4066: =VLOOKUP(B4066,'Team Data'!$A$1:$E$659,3,FALSE()) -> 7 | O4066: =VLOOKUP(A4066,'Team Data'!$A$1:$E$659,4,FALSE()) -> 626 | P4066: =VLOOKUP(A4066,'Team Data'!$A$1:$E$659,5,FALSE()) -> 423 | Q4066: =VLOOKUP(B4066,'Team Data'!$A$1:$E$659,4,FALSE()) -> 726 | R4066: =VLOOKUP(B4066,'Team Data'!$A$1:$E$659,5,FALSE()) -> 521 | S4066: =IF(I4066=1,(MIN(30,(C4066-D4066)))*(M4066/(M4066+N4066))*(Q4066/(Q4066+R4066)),(MAX(-30,(C4066-D4066)))*(N4066/(M4066+N4066))*(R4066/(R4066+Q4066))) -> -0.63235007 | T4066: =IF(J4066=1,(MIN(30,(D4066-C4066)))*(K4066/(K4066+L4066))*(O4066/(O4066+P4066)),(MAX(-30,(D4066-C4066)))*(L4066/(K4066+L4066))*(P4066/(P4066+O4066))) -> 2.8346044 | U4066: 43132
A4067: Mississippi State | B4067: South Carolina | C4067: 81 | D4067: 76 | E4067: 32 | F4067: 33 | G4067: 14 | H4067: 13 | I4067: 1 | J4067: 0 | K4067: =VLOOKUP(A4067,'Team Data'!$A$1:$E$659,2,FALSE()) -> 25 | L4067: =VLOOKUP(A4067,'Team Data'!$A$1:$E$659,3,FALSE()) -> 12 | M4067: =VLOOKUP(B4067,'Team Data'!$A$1:$E$659,2,FALSE()) -> 17 | N4067: =VLOOKUP(B4067,'Team Data'!$A$1:$E$659,3,FALSE()) -> 15 | O4067: =VLOOKUP(A4067,'Team Data'!$A$1:$E$659,4,FALSE()) -> 653 | P4067: =VLOOKUP(A4067,'Team Data'!$A$1:$E$659,5,FALSE()) -> 548 | Q4067: =VLOOKUP(B4067,'Team Data'!$A$1:$E$659,4,FALSE()) -> 605 | R4067: =VLOOKUP(B4067,'Team Data'!$A$1:$E$659,5,FALSE()) -> 430 | S4067: =IF(I4067=1,(MIN(30,(C4067-D4067)))*(M4067/(M4067+N4067))*(Q4067/(Q4067+R4067)),(MAX(-30,(C4067-D4067)))*(N4067/(M4067+N4067))*(R4067/(R4067+Q4067))) -> 1.5526872 | T4067: =IF(J4067=1,(MIN(30,(D4067-C4067)))*(K4067/(K4067+L4067))*(O4067/(O4067+P4067)),(MAX(-30,(D4067-C4067)))*(L4067/(K4067+L4067))*(P4067/(P4067+O4067))) -> -0.73992394 | U4067: 43132
... A5244: Alabama State | B5244: Prairie View A&M | C5244: 74 | D5244: 80 | E5244: 47 | F5244: 35 | G5244: 13 | H5244: 6 | I5244: 0 | J5244: 1 | K5244: =VLOOKUP(A5244,'Team Data'!$A$1:$E$659,2,FALSE()) -> 8 | L5244: =VLOOKUP(A5244,'Team Data'!$A$1:$E$659,3,FALSE()) -> 23 | M5244: =VLOOKUP(B5244,'Team Data'!$A$1:$E$659,2,FALSE()) -> 16 | N5244: =VLOOKUP(B5244,'Team Data'!$A$1:$E$659,3,FALSE()) -> 18 | O5244: =VLOOKUP(A5244,'Team Data'!$A$1:$E$659,4,FALSE()) -> 473 | P5244: =VLOOKUP(A5244,'Team Data'!$A$1:$E$659,5,FALSE()) -> 559 | Q5244: =VLOOKUP(B5244,'Team Data'!$A$1:$E$659,4,FALSE()) -> 494 | R5244: =VLOOKUP(B5244,'Team Data'!$A$1:$E$659,5,FALSE()) -> 587 | S5244: =IF(I5244=1,(MIN(30,(C5244-D5244)))*(M5244/(M5244+N5244))*(Q5244/(Q5244+R5244)),(MAX(-30,(C5244-D5244)))*(N5244/(M5244+N5244))*(R5244/(R5244+Q5244))) -> -1.7248735 | T5244: =IF(J5244=1,(MIN(30,(D5244-C5244)))*(K5244/(K5244+L5244))*(O5244/(O5244+P5244)),(MAX(-30,(D5244-C5244)))*(L5244/(K5244+L5244))*(P5244/(P5244+O5244))) -> 0.70967742 | U5244: 43155
A5245: Morgan State | B5245: Hampton | C5245: 0 | D5245: 2 | I5245: 0 | J5245: 1 | K5245: =VLOOKUP(A5245,'Team Data'!$A$1:$E$659,2,FALSE()) -> 13 | L5245: =VLOOKUP(A5245,'Team Data'!$A$1:$E$659,3,FALSE()) -> 19 | M5245: =VLOOKUP(B5245,'Team Data'!$A$1:$E$659,2,FALSE()) -> 19 | N5245: =VLOOKUP(B5245,'Team Data'!$A$1:$E$659,3,FALSE()) -> 16 | O5245: =VLOOKUP(A5245,'Team Data'!$A$1:$E$659,4,FALSE()) -> 406 | P5245: =VLOOKUP(A5245,'Team Data'!$A$1:$E$659,5,FALSE()) -> 575 | Q5245: =VLOOKUP(B5245,'Team Data'!$A$1:$E$659,4,FALSE()) -> 472 | R5245: =VLOOKUP(B5245,'Team Data'!$A$1:$E$659,5,FALSE()) -> 580 | S5245: =IF(I5245=1,(MIN(30,(C5245-D5245)))*(M5245/(M5245+N5245))*(Q5245/(Q5245+R5245)),(MAX(-30,(C5245-D5245)))*(N5245/(M5245+N5245))*(R5245/(R5245+Q5245))) -> -0.50407387 | T5245: =IF(J5245=1,(MIN(30,(D5245-C5245)))*(K5245/(K5245+L5245))*(O5245/(O5245+P5245)),(MAX(-30,(D5245-C5245)))*(L5245/(K5245+L5245))*(P5245/(P5245+O5245))) -> 0.33626402 | U5245: 43155
A5246: North Carolina A&T | B5246: Florida A&M | C5246: 77 | D5246: 83 | E5246: 31 | F5246: 27 | G5246: 10 | H5246: 8 | I5246: 0 | J5246: 1 | K5246: =VLOOKUP(A5246,'Team Data'!$A$1:$E$659,2,FALSE()) -> 20 | L5246: =VLOOKUP(A5246,'Team Data'!$A$1:$E$659,3,FALSE()) -> 15 | M5246: =VLOOKUP(B5246,'Team Data'!$A$1:$E$659,2,FALSE()) -> 9 | N5246: =VLOOKUP(B5246,'Team Data'!$A$1:$E$659,3,FALSE()) -> 25 | O5246: =VLOOKUP(A5246,'Team Data'!$A$1:$E$659,4,FALSE()) -> 455 | P5246: =VLOOKUP(A5246,'Team Data'!$A$1:$E$659,5,FALSE()) -> 629 | Q5246: =VLOOKUP(B5246,'Team Data'!$A$1:$E$659,4,FALSE()) -> 507 | R5246: =VLOOKUP(B5246,'Team Data'!$A$1:$E$659,5,FALSE()) -> 582 | S5246: =IF(I5246=1,(MIN(30,(C5246-D5246)))*(M5246/(M5246+N5246))*(Q5246/(Q5246+R5246)),(MAX(-30,(C5246-D5246)))*(N5246/(M5246+N5246))*(R5246/(R5246+Q5246))) -> -2.3578026 | T5246: =IF(J5246=1,(MIN(30,(D5246-C5246)))*(K5246/(K5246+L5246))*(O5246/(O5246+P5246)),(MAX(-30,(D5246-C5246)))*(L5246/(K5246+L5246))*(P5246/(P5246+O5246))) -> 1.4391144 | U5246: 43155
A5247: Dartmouth | B5247: Princeton | C5247: 47 | D5247: 64 | E5247: 27 | F5247: 44 | G5247: 7 | H5247: 15 | I5247: 0 | J5247: 1 | K5247: =VLOOKUP(A5247,'Team Data'!$A$1:$E$659,2,FALSE()) -> 7 | L5247: =VLOOKUP(A5247,'Team Data'!$A$1:$E$659,3,FALSE()) -> 20 | M5247: =VLOOKUP(B5247,'Team Data'!$A$1:$E$659,2,FALSE()) -> 13 | N5247: =VLOOKUP(B5247,'Team Data'!$A$1:$E$659,3,FALSE()) -> 16 | O5247: =VLOOKUP(A5247,'Team Data'!$A$1:$E$659,4,FALSE()) -> 381 | P5247: =VLOOKUP(A5247,'Team Data'!$A$1:$E$659,5,FALSE()) -> 427 | Q5247: =VLOOKUP(B5247,'Team Data'!$A$1:$E$659,4,FALSE()) -> 429 | R5247: =VLOOKUP(B5247,'Team Data'!$A$1:$E$659,5,FALSE()) -> 434 | S5247: =IF(I5247=1,(MIN(30,(C5247-D5247)))*(M5247/(M5247+N5247))*(Q5247/(Q5247+R5247)),(MAX(-30,(C5247-D5247)))*(N5247/(M5247+N5247))*(R5247/(R5247+Q5247))) -> -4.7168258 | T5247: =IF(J5247=1,(MIN(30,(D5247-C5247)))*(K5247/(K5247+L5247))*(O5247/(O5247+P5247)),(MAX(-30,(D5247-C5247)))*(L5247/(K5247+L5247))*(P5247/(P5247+O5247))) -> 2.0782453 | U5247: 43155
A5248: Brown | B5248: Cornell | C5248: 68 | D5248: 73 | E5248: 46 | F5248: 32 | G5248: 11 | H5248: 9 | I5248: 0 | J5248: 1 | K5248: =VLOOKUP(A5248,'Team Data'!$A$1:$E$659,2,FALSE()) -> 11 | L5248: =VLOOKUP(A5248,'Team Data'!$A$1:$E$659,3,FALSE()) -> 16 | M5248: =VLOOKUP(B5248,'Team Data'!$A$1:$E$659,2,FALSE()) -> 12 | N5248: =VLOOKUP(B5248,'Team Data'!$A$1:$E$659,3,FALSE()) -> 16 | O5248: =VLOOKUP(A5248,'Team Data'!$A$1:$E$659,4,FALSE()) -> 361 | P5248: =VLOOKUP(A5248,'Team Data'!$A$1:$E$659,5,FALSE()) -> 435 | Q5248: =VLOOKUP(B5248,'Team Data'!$A$1:$E$659,4,FALSE()) -> 415 | R5248: =VLOOKUP(B5248,'Team Data'!$A$1:$E$659,5,FALSE()) -> 428 | S5248: =IF(I5248=1,(MIN(30,(C5248-D5248)))*(M5248/(M5248+N5248))*(Q5248/(Q5248+R5248)),(MAX(-30,(C5248-D5248)))*(N5248/(M5248+N5248))*(R5248/(R5248+Q5248))) -> -1.4506016 | T5248: =IF(J5248=1,(MIN(30,(D5248-C5248)))*(K5248/(K5248+L5248))*(O5248/(O5248+P5248)),(MAX(-30,(D5248-C5248)))*(L5248/(K5248+L5248))*(P5248/(P5248+O5248))) -> 0.92383212 | U5248: 43155
A5249: Tennessee State | B5249: Belmont | C5249: 59 | D5249: 84 | E5249: 33 | F5249: 36 | G5249: 9 | H5249: 14 | I5249: 0 | J5249: 1 | K5249: =VLOOKUP(A5249,'Team Data'!$A$1:$E$659,2,FALSE()) -> 15 | L5249: =VLOOKUP(A5249,'Team Data'!$A$1:$E$659,3,FALSE()) -> 15 | M5249: =VLOOKUP(B5249,'Team Data'!$A$1:$E$659,2,FALSE()) -> 24 | N5249: =VLOOKUP(B5249,'Team Data'!$A$1:$E$659,3,FALSE()) -> 9 | O5249: =VLOOKUP(A5249,'Team Data'!$A$1:$E$659,4,FALSE()) -> 479 | P5249: =VLOOKUP(A5249,'Team Data'!$A$1:$E$659,5,FALSE()) -> 436 | Q5249: =VLOOKUP(B5249,'Team Data'!$A$1:$E$659,4,FALSE()) -> 540 | R5249: =VLOOKUP(B5249,'Team Data'!$A$1:$E$659,5,FALSE()) -> 523 | S5249: =IF(I5249=1,(MIN(30,(C5249-D5249)))*(M5249/(M5249+N5249))*(Q5249/(Q5249+R5249)),(MAX(-30,(C5249-D5249)))*(N5249/(M5249+N5249))*(R5249/(R5249+Q5249))) -> -3.3545711 | T5249: =IF(J5249=1,(MIN(30,(D5249-C5249)))*(K5249/(K5249+L5249))*(O5249/(O5249+P5249)),(MAX(-30,(D5249-C5249)))*(L5249/(K5249+L5249))*(P5249/(P5249+O5249))) -> 6.5437158 | U5249: 43155
A5250: App State | B5250: Little Rock | C5250: 69 | D5250: 67 | E5250: 26 | F5250: 31 | G5250: 14 | H5250: 16 | I5250: 1 | J5250: 0 | K5250: =VLOOKUP(A5250,'Team Data'!$A$1:$E$659,2,FALSE()) -> 15 | L5250: =VLOOKUP(A5250,'Team Data'!$A$1:$E$659,3,FALSE()) -> 18 | M5250: =VLOOKUP(B5250,'Team Data'!$A$1:$E$659,2,FALSE()) -> 7 | N5250: =VLOOKUP(B5250,'Team Data'!$A$1:$E$659,3,FALSE()) -> 25 | O5250: =VLOOKUP(A5250,'Team Data'!$A$1:$E$659,4,FALSE()) -> 482 | P5250: =VLOOKUP(A5250,'Team Data'!$A$1:$E$659,5,FALSE()) -> 535 | Q5250: =VLOOKUP(B5250,'Team Data'!$A$1:$E$659,4,FALSE()) -> 544 | R5250: =VLOOKUP(B5250,'Team Data'!$A$1:$E$659,5,FALSE()) -> 461 | S5250: =IF(I5250=1,(MIN(30,(C5250-D5250)))*(M5250/(M5250+N5250))*(Q5250/(Q5250+R5250)),(MAX(-30,(C5250-D5250)))*(N5250/(M5250+N5250))*(R5250/(R5250+Q5250))) -> 0.23681592 | T5250: =IF(J5250=1,(MIN(30,(D5250-C5250)))*(K5250/(K5250+L5250))*(O5250/(O5250+P5250)),(MAX(-30,(D5250-C5250)))*(L5250/(K5250+L5250))*(P5250/(P5250+O5250))) -> -0.5738804 | U5250: 43155
...

Sheet Team Data
A1: Team | B1: W | C1: L | D1: Opp W | E1: Opp L | F1: O2 W | G1: O2 L | H1: Pnts | I1: Rebs | J1: O Rebs | K1: TO's | L1: O TO's | M1: Away Win | N1: Away Loss | O1: Reb Diff | P1: RDPG | Q1: TO Diff | R1: TODPG | S1: Conference | T1: MRI Score | U1: SOS | V1: SOS Rank
A2: Abilene Christian | B2: =SUMIF(Games!$A$2:$A$5969,$A2,Games!$I$2:$I$5969)+SUMIF(Games!$B$2:$B$5969,$A2,Games!$J$2:$J$5969) -> 16 | C2: =COUNTIF(Games!$A:$A,$A2)+COUNTIF(Games!$B:$B,$A2)-B2 -> 16 | D2: =SUMIF(Games!$A$2:$A$5969,$A2,Games!$M$2:$M$5969)+SUMIF(Games!$B$2:$B$5969,$A2,Games!$K$2:$K$5969) -> 459 | E2: =SUMIF(Games!$A$2:$A$5969,$A2,Games!$N$2:$N$5969)+SUMIF(Games!$B$2:$B$5969,$A2,Games!$L$2:$L$5969) -> 461 | F2: =SUMIF(Games!$A$2:$A$5969,$A2,Games!$Q$2:$Q$5969)+SUMIF(Games!$B$2:$B$5969,$A2,Games!$O$2:$O$5969) -> 13912 | G2: =SUMIF(Games!$A$2:$A$5969,$A2,Games!$R$2:$R$5969)+SUMIF(Games!$B$2:$B$5969,$A2,Games!$P$2:$P$5969) -> 13604 | H2: =SUMIF(Games!$A$2:$A$5969,$A2,Games!$S$2:$S$5969)+SUMIF(Games!$B$2:$B$5969,$A2,Games!$T$2:$T$5969) -> -15.370408 | I2: =SUMIF(Games!$A$2:$A$5969,$A2,Games!$E$2:$E$5969)+SUMIF(Games!$B$2:$B$5969,$A2,Games!$F$2:$F$5969) -> 1097 | J2: =SUMIF(Games!$A$2:$A$5969,$A2,Games!$F$2:$F$5969)+SUMIF(Games!$B$2:$B$5969,$A2,Games!$E$2:$E$5969) -> 1111 | K2: =SUMIF(Games!$A$2:$A$5969,$A2,Games!$G$2:$G$5969)+SUMIF(Games!$B$2:$B$5969,$A2,Games!$H$2:$H$5969) -> 461 | L2: =SUMIF(Games!$A$2:$A$5969,$A2,Games!$H$2:$H$5969)+SUMIF(Games!$B$2:$B$5969,$A2,Games!$G$2:$G$5969) -> 513 | M2: =SUMIF(Games!$A:$A,$A2,Games!I:I) -> 7 | N2: =COUNTIF(Games!$A:$A,$A2)-M2 -> 9 | O2: =I2-J2 -> -14 | P2: =IFERROR(O2/Y2,0) -> -0.4375 | Q2: =L2-K2 -> 52 | R2: =IFERROR(Q2/Y2,0) -> 1.625 | S2: Southland | T2: =IFERROR((B2/(B2+C2))*25,0)+IFERROR((D2/(D2+E2))*25,0)+IFERROR((F2/(F2+G2))*10,0)+H2+((P2-RDAVG)/RebSD)*10+((R2-TODAVG)/TOSD)*6 -> 16.790575 | U2: =W2*X2 -> 0.25233693 | V2: =RANK(U2,U$2:U$352) -> 257 | W2: =IFERROR((D2-C2)/(D2+E2-(B2+C2)),0) -> 0.49887387 | X2: =IFERROR((F2-((B2+C2)*B2))/((F2+G2)-(B2+C2)^2),0) -> 0.50581308 | Y2: =COUNTIFS(Games!$A$2:$A$5969,$A2,Games!$E$2:$E$5969,"<>")+COUNTIFS(Games!$B$2:$B$5969,$A2,Games!$F$2:$F$5969,"<>") -> 32
A3: Air Force | B3: =SUMIF(Games!$A$2:$A$5969,$A3,Games!$I$2:$I$5969)+SUMIF(Games!$B$2:$B$5969,$A3,Games!$J$2:$J$5969) -> 12 | C3: =COUNTIF(Games!$A:$A,$A3)+COUNTIF(Games!$B:$B,$A3)-B3 -> 19 | D3: =SUMIF(Games!$A$2:$A$5969,$A3,Games!$M$2:$M$5969)+SUMIF(Games!$B$2:$B$5969,$A3,Games!$K$2:$K$5969) -> 486 | E3: =SUMIF(Games!$A$2:$A$5969,$A3,Games!$N$2:$N$5969)+SUMIF(Games!$B$2:$B$5969,$A3,Games!$L$2:$L$5969) -> 454 | F3: =SUMIF(Games!$A$2:$A$5969,$A3,Games!$Q$2:$Q$5969)+SUMIF(Games!$B$2:$B$5969,$A3,Games!$O$2:$O$5969) -> 15764 | G3: =SUMIF(Games!$A$2:$A$5969,$A3,Games!$R$2:$R$5969)+SUMIF(Games!$B$2:$B$5969,$A3,Games!$P$2:$P$5969) -> 14061 | H3: =SUMIF(Games!$A$2:$A$5969,$A3,Games!$S$2:$S$5969)+SUMIF(Games!$B$2:$B$5969,$A3,Games!$T$2:$T$5969) -> -36.813035 | I3: =SUMIF(Games!$A$2:$A$5969,$A3,Games!$E$2:$E$5969)+SUMIF(Games!$B$2:$B$5969,$A3,Games!$F$2:$F$5969) -> 1014 | J3: =SUMIF(Games!$A$2:$A$5969,$A3,Games!$F$2:$F$5969)+SUMIF(Games!$B$2:$B$5969,$A3,Games!$E$2:$E$5969) -> 1069 | K3: =SUMIF(Games!$A$2:$A$5969,$A3,Games!$G$2:$G$5969)+SUMIF(Games!$B$2:$B$5969,$A3,Games!$H$2:$H$5969) -> 391 | L3: =SUMIF(Games!$A$2:$A$5969,$A3,Games!$H$2:$H$5969)+SUMIF(Games!$B$2:$B$5969,$A3,Games!$G$2:$G$5969) -> 436 | M3: =SUMIF(Games!$A:$A,$A3,Games!I:I) -> 3 | N3: =COUNTIF(Games!$A:$A,$A3)-M3 -> 12 | O3: =I3-J3 -> -55 | P3: =IFERROR(O3/Y3,0) -> -1.7741935 | Q3: =L3-K3 -> 45 | R3: =IFERROR(Q3/Y3,0) -> 1.4516129 | S3: Mountain West | T3: =IFERROR((B3/(B3+C3))*25,0)+IFERROR((D3/(D3+E3))*25,0)+IFERROR((F3/(F3+G3))*10,0)+H3+((P3-RDAVG)/RebSD)*10+((R3-TODAVG)/TOSD)*6 -> -11.066422 | U3: =W3*X3 -> 0.27396276 | V3: =RANK(U3,U$2:U$352) -> 170 | W3: =IFERROR((D3-C3)/(D3+E3-(B3+C3)),0) -> 0.51375138 | X3: =IFERROR((F3-((B3+C3)*B3))/((F3+G3)-(B3+C3)^2),0) -> 0.53325942 | Y3: =COUNTIFS(Games!$A$2:$A$5969,$A3,Games!$E$2:$E$5969,"<>")+COUNTIFS(Games!$B$2:$B$5969,$A3,Games!$F$2:$F$5969,"<>") -> 31
A4: Akron | B4: =SUMIF(Games!$A$2:$A$5969,$A4,Games!$I$2:$I$5969)+SUMIF(Games!$B$2:$B$5969,$A4,Games!$J$2:$J$5969) -> 14 | C4: =COUNTIF(Games!$A:$A,$A4)+COUNTIF(Games!$B:$B,$A4)-B4 -> 18 | D4: =SUMIF(Games!$A$2:$A$5969,$A4,Games!$M$2:$M$5969)+SUMIF(Games!$B$2:$B$5969,$A4,Games!$K$2:$K$5969) -> 542 | E4: =SUMIF(Games!$A$2:$A$5969,$A4,Games!$N$2:$N$5969)+SUMIF(Games!$B$2:$B$5969,$A4,Games!$L$2:$L$5969) -> 488 | F4: =SUMIF(Games!$A$2:$A$5969,$A4,Games!$Q$2:$Q$5969)+SUMIF(Games!$B$2:$B$5969,$A4,Games!$O$2:$O$5969) -> 17202 | G4: =SUMIF(Games!$A$2:$A$5969,$A4,Games!$R$2:$R$5969)+SUMIF(Games!$B$2:$B$5969,$A4,Games!$P$2:$P$5969) -> 15294 | H4: =SUMIF(Games!$A$2:$A$5969,$A4,Games!$S$2:$S$5969)+SUMIF(Games!$B$2:$B$5969,$A4,Games!$T$2:$T$5969) -> -26.802697 | I4: =SUMIF(Games!$A$2:$A$5969,$A4,Games!$E$2:$E$5969)+SUMIF(Games!$B$2:$B$5969,$A4,Games!$F$2:$F$5969) -> 1071 | J4: =SUMIF(Games!$A$2:$A$5969,$A4,Games!$F$2:$F$5969)+SUMIF(Games!$B$2:$B$5969,$A4,Games!$E$2:$E$5969) -> 1110 | K4: =SUMIF(Games!$A$2:$A$5969,$A4,Games!$G$2:$G$5969)+SUMIF(Games!$B$2:$B$5969,$A4,Games!$H$2:$H$5969) -> 440 | L4: =SUMIF(Games!$A$2:$A$5969,$A4,Games!$H$2:$H$5969)+SUMIF(Games!$B$2:$B$5969,$A4,Games!$G$2:$G$5969) -> 410 | M4: =SUMIF(Games!$A:$A,$A4,Games!I:I) -> 2 | N4: =COUNTIF(Games!$A:$A,$A4)-M4 -> 13 | O4: =I4-J4 -> -39 | P4: =IFERROR(O4/Y4,0) -> -1.21875 | Q4: =L4-K4 -> -30 | R4: =IFERROR(Q4/Y4,0) -> -0.9375 | S4: MAC | T4: =IFERROR((B4/(B4+C4))*25,0)+IFERROR((D4/(D4+E4))*25,0)+IFERROR((F4/(F4+G4))*10,0)+H4+((P4-RDAVG)/RebSD)*10+((R4-TODAVG)/TOSD)*6 -> -5.6445401 | U4: =W4*X4 -> 0.27950843 | V4: =RANK(U4,U$2:U$352) -> 146 | W4: =IFERROR((D4-C4)/(D4+E4-(B4+C4)),0) -> 0.5250501 | X4: =IFERROR((F4-((B4+C4)*B4))/((F4+G4)-(B4+C4)^2),0) -> 0.53234621 | Y4: =COUNTIFS(Games!$A$2:$A$5969,$A4,Games!$E$2:$E$5969,"<>")+COUNTIFS(Games!$B$2:$B$5969,$A4,Games!$F$2:$F$5969,"<>") -> 32
A5: Alabama | B5: =SUMIF(Games!$A$2:$A$5969,$A5,Games!$I$2:$I$5969)+SUMIF(Games!$B$2:$B$5969,$A5,Games!$J$2:$J$5969) -> 20 | C5: =COUNTIF(Games!$A:$A,$A5)+COUNTIF(Games!$B:$B,$A5)-B5 -> 16 | D5: =SUMIF(Games!$A$2:$A$5969,$A5,Games!$M$2:$M$5969)+SUMIF(Games!$B$2:$B$5969,$A5,Games!$K$2:$K$5969) -> 741 | E5: =SUMIF(Games!$A$2:$A$5969,$A5,Games!$N$2:$N$5969)+SUMIF(Games!$B$2:$B$5969,$A5,Games!$L$2:$L$5969) -> 460 | F5: =SUMIF(Games!$A$2:$A$5969,$A5,Games!$Q$2:$Q$5969)+SUMIF(Games!$B$2:$B$5969,$A5,Games!$O$2:$O$5969) -> 22627 | G5: =SUMIF(Games!$A$2:$A$5969,$A5,Games!$R$2:$R$5969)+SUMIF(Games!$B$2:$B$5969,$A5,Games!$P$2:$P$5969) -> 17100 | H5: =SUMIF(Games!$A$2:$A$5969,$A5,Games!$S$2:$S$5969)+SUMIF(Games!$B$2:$B$5969,$A5,Games!$T$2:$T$5969) -> 50.489099 | I5: =SUMIF(Games!$A$2:$A$5969,$A5,Games!$E$2:$E$5969)+SUMIF(Games!$B$2:$B$5969,$A5,Games!$F$2:$F$5969) -> 1293 | J5: =SUMIF(Games!$A$2:$A$5969,$A5,Games!$F$2:$F$5969)+SUMIF(Games!$B$2:$B$5969,$A5,Games!$E$2:$E$5969) -> 1284 | K5: =SUMIF(Games!$A$2:$A$5969,$A5,Games!$G$2:$G$5969)+SUMIF(Games!$B$2:$B$5969,$A5,Games!$H$2:$H$5969) -> 513 | L5: =SUMIF(Games!$A$2:$A$5969,$A5,Games!$H$2:$H$5969)+SUMIF(Games!$B$2:$B$5969,$A5,Games!$G$2:$G$5969) -> 472 | M5: =SUMIF(Games!$A:$A,$A5,Games!I:I) -> 6 | N5: =COUNTIF(Games!$A:$A,$A5)-M5 -> 10 | O5: =I5-J5 -> 9 | P5: =IFERROR(O5/Y5,0) -> 0.25 | Q5: =L5-K5 -> -41 | R5: =IFERROR(Q5/Y5,0) -> -1.1388889 | S5: SEC | T5: =IFERROR((B5/(B5+C5))*25,0)+IFERROR((D5/(D5+E5))*25,0)+IFERROR((F5/(F5+G5))*10,0)+H5+((P5-RDAVG)/RebSD)*10+((R5-TODAVG)/TOSD)*6 -> 80.71429 | U5: =W5*X5 -> 0.35474257 | V5: =RANK(U5,U$2:U$352) -> 5 | W5: =IFERROR((D5-C5)/(D5+E5-(B5+C5)),0) -> 0.6223176 | X5: =IFERROR((F5-((B5+C5)*B5))/((F5+G5)-(B5+C5)^2),0) -> 0.57003461 | Y5: =COUNTIFS(Games!$A$2:$A$5969,$A5,Games!$E$2:$E$5969,"<>")+COUNTIFS(Games!$B$2:$B$5969,$A5,Games!$F$2:$F$5969,"<>") -> 36
A6: Alabama A&M | B6: =SUMIF(Games!$A$2:$A$5969,$A6,Games!$I$2:$I$5969)+SUMIF(Games!$B$2:$B$5969,$A6,Games!$J$2:$J$5969) -> 3 | C6: =COUNTIF(Games!$A:$A,$A6)+COUNTIF(Games!$B:$B,$A6)-B6 -> 28 | D6: =SUMIF(Games!$A$2:$A$5969,$A6,Games!$M$2:$M$5969)+SUMIF(Games!$B$2:$B$5969,$A6,Games!$K$2:$K$5969) -> 453 | E6: =SUMIF(Games!$A$2:$A$5969,$A6,Games!$N$2:$N$5969)+SUMIF(Games!$B$2:$B$5969,$A6,Games!$L$2:$L$5969) -> 567 | F6: =SUMIF(Games!$A$2:$A$5969,$A6,Games!$Q$2:$Q$5969)+SUMIF(Games!$B$2:$B$5969,$A6,Games!$O$2:$O$5969) -> 15657 | G6: =SUMIF(Games!$A$2:$A$5969,$A6,Games!$R$2:$R$5969)+SUMIF(Games!$B$2:$B$5969,$A6,Games!$P$2:$P$5969) -> 16931 | H6: =SUMIF(Games!$A$2:$A$5969,$A6,Games!$S$2:$S$5969)+SUMIF(Games!$B$2:$B$5969,$A6,Games!$T$2:$T$5969) -> -118.73719 | I6: =SUMIF(Games!$A$2:$A$5969,$A6,Games!$E$2:$E$5969)+SUMIF(Games!$B$2:$B$5969,$A6,Games!$F$2:$F$5969) -> 1046 | J6: =SUMIF(Games!$A$2:$A$5969,$A6,Games!$F$2:$F$5969)+SUMIF(Games!$B$2:$B$5969,$A6,Games!$E$2:$E$5969) -> 1126 | K6: =SUMIF(Games!$A$2:$A$5969,$A6,Games!$G$2:$G$5969)+SUMIF(Games!$B$2:$B$5969,$A6,Games!$H$2:$H$5969) -> 512 | L6: =SUMIF(Games!$A$2:$A$5969,$A6,Games!$H$2:$H$5969)+SUMIF(Games!$B$2:$B$5969,$A6,Games!$G$2:$G$5969) -> 353 | M6: =SUMIF(Games!$A:$A,$A6,Games!I:I) -> 1 | N6: =COUNTIF(Games!$A:$A,$A6)-M6 -> 19 | O6: =I6-J6 -> -80 | P6: =IFERROR(O6/Y6,0) -> -2.5806452 | Q6: =L6-K6 -> -159 | R6: =IFERROR(Q6/Y6,0) -> -5.1290323 | S6: SWAC | T6: =IFERROR((B6/(B6+C6))*25,0)+IFERROR((D6/(D6+E6))*25,0)+IFERROR((F6/(F6+G6))*10,0)+H6+((P6-RDAVG)/RebSD)*10+((R6-TODAVG)/TOSD)*6 -> -125.81915 | U6: =W6*X6 -> 0.21147346 | V6: =RANK(U6,U$2:U$352) -> 340 | W6: =IFERROR((D6-C6)/(D6+E6-(B6+C6)),0) -> 0.429727 | X6: =IFERROR((F6-((B6+C6)*B6))/((F6+G6)-(B6+C6)^2),0) -> 0.49211117 | Y6: =COUNTIFS(Games!$A$2:$A$5969,$A6,Games!$E$2:$E$5969,"<>")+COUNTIFS(Games!$B$2:$B$5969,$A6,Games!$F$2:$F$5969,"<>") -> 31
A7: Alabama State | B7: =SUMIF(Games!$A$2:$A$5969,$A7,Games!$I$2:$I$5969)+SUMIF(Games!$B$2:$B$5969,$A7,Games!$J$2:$J$5969) -> 8 | C7: =COUNTIF(Games!$A:$A,$A7)+COUNTIF(Games!$B:$B,$A7)-B7 -> 23 | D7: =SUMIF(Games!$A$2:$A$5969,$A7,Games!$M$2:$M$5969)+SUMIF(Games!$B$2:$B$5969,$A7,Games!$K$2:$K$5969) -> 473 | E7: =SUMIF(Games!$A$2:$A$5969,$A7,Games!$N$2:$N$5969)+SUMIF(Games!$B$2:$B$5969,$A7,Games!$L$2:$L$5969) -> 559 | F7: =SUMIF(Games!$A$2:$A$5969,$A7,Games!$Q$2:$Q$5969)+SUMIF(Games!$B$2:$B$5969,$A7,Games!$O$2:$O$5969) -> 15473 | G7: =SUMIF(Games!$A$2:$A$5969,$A7,Games!$R$2:$R$5969)+SUMIF(Games!$B$2:$B$5969,$A7,Games!$P$2:$P$5969) -> 17242 | H7: =SUMIF(Games!$A$2:$A$5969,$A7,Games!$S$2:$S$5969)+SUMIF(Games!$B$2:$B$5969,$A7,Games!$T$2:$T$5969) -> -71.665246 | I7: =SUMIF(Games!$A$2:$A$5969,$A7,Games!$E$2:$E$5969)+SUMIF(Games!$B$2:$B$5969,$A7,Games!$F$2:$F$5969) -> 1131 | J7: =SUMIF(Games!$A$2:$A$5969,$A7,Games!$F$2:$F$5969)+SUMIF(Games!$B$2:$B$5969,$A7,Games!$E$2:$E$5969) -> 1232 | K7: =SUMIF(Games!$A$2:$A$5969,$A7,Games!$G$2:$G$5969)+SUMIF(Games!$B$2:$B$5969,$A7,Games!$H$2:$H$5969) -> 437 | L7: =SUMIF(Games!$A$2:$A$5969,$A7,Games!$H$2:$H$5969)+SUMIF(Games!$B$2:$B$5969,$A7,Games!$G$2:$G$5969) -> 401 | M7: =SUMIF(Games!$A:$A,$A7,Games!I:I) -> 4 | N7: =COUNTIF(Games!$A:$A,$A7)-M7 -> 15 | O7: =I7-J7 -> -101 | P7: =IFERROR(O7/Y7,0) -> -3.2580645 | Q7: =L7-K7 -> -36 | R7: =IFERROR(Q7/Y7,0) -> -1.1612903 | S7: SWAC | T7: =IFERROR((B7/(B7+C7))*25,0)+IFERROR((D7/(D7+E7))*25,0)+IFERROR((F7/(F7+G7))*10,0)+H7+((P7-RDAVG)/RebSD)*10+((R7-TODAVG)/TOSD)*6 -> -63.644418 | U7: =W7*X7 -> 0.21554467 | V7: =RANK(U7,U$2:U$352) -> 336 | W7: =IFERROR((D7-C7)/(D7+E7-(B7+C7)),0) -> 0.44955045 | X7: =IFERROR((F7-((B7+C7)*B7))/((F7+G7)-(B7+C7)^2),0) -> 0.47946715 | Y7: =COUNTIFS(Games!$A$2:$A$5969,$A7,Games!$E$2:$E$5969,"<>")+COUNTIFS(Games!$B$2:$B$5969,$A7,Games!$F$2:$F$5969,"<>") -> 31
A8: Alcorn State | B8: =SUMIF(Games!$A$2:$A$5969,$A8,Games!$I$2:$I$5969)+SUMIF(Games!$B$2:$B$5969,$A8,Games!$J$2:$J$5969) -> 11 | C8: =COUNTIF(Games!$A:$A,$A8)+COUNTIF(Games!$B:$B,$A8)-B8 -> 21 | D8: =SUMIF(Games!$A$2:$A$5969,$A8,Games!$M$2:$M$5969)+SUMIF(Games!$B$2:$B$5969,$A8,Games!$K$2:$K$5969) -> 370 | E8: =SUMIF(Games!$A$2:$A$5969,$A8,Games!$N$2:$N$5969)+SUMIF(Games!$B$2:$B$5969,$A8,Games!$L$2:$L$5969) -> 552 | F8: =SUMIF(Games!$A$2:$A$5969,$A8,Games!$Q$2:$Q$5969)+SUMIF(Games!$B$2:$B$5969,$A8,Games!$O$2:$O$5969) -> 14302 | G8: =SUMIF(Games!$A$2:$A$5969,$A8,Games!$R$2:$R$5969)+SUMIF(Games!$B$2:$B$5969,$A8,Games!$P$2:$P$5969) -> 15487 | H8: =SUMIF(Games!$A$2:$A$5969,$A8,Games!$S$2:$S$5969)+SUMIF(Games!$B$2:$B$5969,$A8,Games!$T$2:$T$5969) -> -76.746725 | I8: =SUMIF(Games!$A$2:$A$5969,$A8,Games!$E$2:$E$5969)+SUMIF(Games!$B$2:$B$5969,$A8,Games!$F$2:$F$5969) -> 1104 | J8: =SUMIF(Games!$A$2:$A$5969,$A8,Games!$F$2:$F$5969)+SUMIF(Games!$B$2:$B$5969,$A8,Games!$E$2:$E$5969) -> 1179 | K8: =SUMIF(Games!$A$2:$A$5969,$A8,Games!$G$2:$G$5969)+SUMIF(Games!$B$2:$B$5969,$A8,Games!$H$2:$H$5969) -> 460 | L8: =SUMIF(Games!$A$2:$A$5969,$A8,Games!$H$2:$H$5969)+SUMIF(Games!$B$2:$B$5969,$A8,Games!$G$2:$G$5969) -> 419 | M8: =SUMIF(Games!$A:$A,$A8,Games!I:I) -> 2 | N8: =COUNTIF(Games!$A:$A,$A8)-M8 -> 16 | O8: =I8-J8 -> -75 | P8: =IFERROR(O8/Y8,0) -> -2.34375 | Q8: =L8-K8 -> -41 | R8: =IFERROR(Q8/Y8,0) -> -1.28125 | S8: SWAC | T8: =IFERROR((B8/(B8+C8))*25,0)+IFERROR((D8/(D8+E8))*25,0)+IFERROR((F8/(F8+G8))*10,0)+H8+((P8-RDAVG)/RebSD)*10+((R8-TODAVG)/TOSD)*6 -> -65.776702 | U8: =W8*X8 -> 0.19017142 | V8: =RANK(U8,U$2:U$352) -> 350 | W8: =IFERROR((D8-C8)/(D8+E8-(B8+C8)),0) -> 0.39213483 | X8: =IFERROR((F8-((B8+C8)*B8))/((F8+G8)-(B8+C8)^2),0) -> 0.48496437 | Y8: =COUNTIFS(Games!$A$2:$A$5969,$A8,Games!$E$2:$E$5969,"<>")+COUNTIFS(Games!$B$2:$B$5969,$A8,Games!$F$2:$F$5969,"<>") -> 32
A9: American University | B9: =SUMIF(Games!$A$2:$A$5969,$A9,Games!$I$2:$I$5969)+SUMIF(Games!$B$2:$B$5969,$A9,Games!$J$2:$J$5969) -> 6 | C9: =COUNTIF(Games!$A:$A,$A9)+COUNTIF(Games!$B:$B,$A9)-B9 -> 24 | D9: =SUMIF(Games!$A$2:$A$5969,$A9,Games!$M$2:$M$5969)+SUMIF(Games!$B$2:$B$5969,$A9,Games!$K$2:$K$5969) -> 466 | E9: =SUMIF(Games!$A$2:$A$5969,$A9,Games!$N$2:$N$5969)+SUMIF(Games!$B$2:$B$5969,$A9,Games!$L$2:$L$5969) -> 488 | F9: =SUMIF(Games!$A$2:$A$5969,$A9,Games!$Q$2:$Q$5969)+SUMIF(Games!$B$2:$B$5969,$A9,Games!$O$2:$O$5969) -> 14321 | G9: =SUMIF(Games!$A$2:$A$5969,$A9,Games!$R$2:$R$5969)+SUMIF(Games!$B$2:$B$5969,$A9,Games!$P$2:$P$5969) -> 15253 | H9: =SUMIF(Games!$A$2:$A$5969,$A9,Games!$S$2:$S$5969)+SUMIF(Games!$B$2:$B$5969,$A9,Games!$T$2:$T$5969) -> -49.762331 | I9: =SUMIF(Games!$A$2:$A$5969,$A9,Games!$E$2:$E$5969)+SUMIF(Games!$B$2:$B$5969,$A9,Games!$F$2:$F$5969) -> 839 | J9: =SUMIF(Games!$A$2:$A$5969,$A9,Games!$F$2:$F$5969)+SUMIF(Games!$B$2:$B$5969,$A9,Games!$E$2:$E$5969) -> 1025 | K9: =SUMIF(Games!$A$2:$A$5969,$A9,Games!$G$2:$G$5969)+SUMIF(Games!$B$2:$B$5969,$A9,Games!$H$2:$H$5969) -> 391 | L9: =SUMIF(Games!$A$2:$A$5969,$A9,Games!$H$2:$H$5969)+SUMIF(Games!$B$2:$B$5969,$A9,Games!$G$2:$G$5969) -> 396 | M9: =SUMIF(Games!$A:$A,$A9,Games!I:I) -> 2 | N9: =COUNTIF(Games!$A:$A,$A9)-M9 -> 16 | O9: =I9-J9 -> -186 | P9: =IFERROR(O9/Y9,0) -> -6.4137931 | Q9: =L9-K9 -> 5 | R9: =IFERROR(Q9/Y9,0) -> 0.17241379 | S9: Patriot | T9: =IFERROR((B9/(B9+C9))*25,0)+IFERROR((D9/(D9+E9))*25,0)+IFERROR((F9/(F9+G9))*10,0)+H9+((P9-RDAVG)/RebSD)*10+((R9-TODAVG)/TOSD)*6 -> -46.848905 | U9: =W9*X9 -> 0.23590771 | V9: =RANK(U9,U$2:U$352) -> 305 | W9: =IFERROR((D9-C9)/(D9+E9-(B9+C9)),0) -> 0.47835498 | X9: =IFERROR((F9-((B9+C9)*B9))/((F9+G9)-(B9+C9)^2),0) -> 0.49316454 | Y9: =COUNTIFS(Games!$A$2:$A$5969,$A9,Games!$E$2:$E$5969,"<>")+COUNTIFS(Games!$B$2:$B$5969,$A9,Games!$F$2:$F$5969,"<>") -> 29
A10: App State | B10: =SUMIF(Games!$A$2:$A$5969,$A10,Games!$I$2:$I$5969)+SUMIF(Games!$B$2:$B$5969,$A10,Games!$J$2:$J$5969) -> 15 | C10: =COUNTIF(Games!$A:$A,$A10)+COUNTIF(Games!$B:$B,$A10)-B10 -> 18 | D10: =SUMIF(Games!$A$2:$A$5969,$A10,Games!$M$2:$M$5969)+SUMIF(Games!$B$2:$B$5969,$A10,Games!$K$2:$K$5969) -> 482 | E10: =SUMIF(Games!$A$2:$A$5969,$A10,Games!$N$2:$N$5969)+SUMIF(Games!$B$2:$B$5969,$A10,Games!$L$2:$L$5969) -> 535 | F10: =SUMIF(Games!$A$2:$A$5969,$A10,Games!$Q$2:$Q$5969)+SUMIF(Games!$B$2:$B$5969,$A10,Games!$O$2:$O$5969) -> 16627 | G10: =SUMIF(Games!$A$2:$A$5969,$A10,Games!$R$2:$R$5969)+SUMIF(Games!$B$2:$B$5969,$A10,Games!$P$2:$P$5969) -> 15346 | H10: =SUMIF(Games!$A$2:$A$5969,$A10,Games!$S$2:$S$5969)+SUMIF(Games!$B$2:$B$5969,$A10,Games!$T$2:$T$5969) -> -12.294756 | I10: =SUMIF(Games!$A$2:$A$5969,$A10,Games!$E$2:$E$5969)+SUMIF(Games!$B$2:$B$5969,$A10,Games!$F$2:$F$5969) -> 1291 | J10: =SUMIF(Games!$A$2:$A$5969,$A10,Games!$F$2:$F$5969)+SUMIF(Games!$B$2:$B$5969,$A10,Games!$E$2:$E$5969) -> 1178 | K10: =SUMIF(Games!$A$2:$A$5969,$A10,Games!$G$2:$G$5969)+SUMIF(Games!$B$2:$B$5969,$A10,Games!$H$2:$H$5969) -> 457 | L10: =SUMIF(Games!$A$2:$A$5969,$A10,Games!$H$2:$H$5969)+SUMIF(Games!$B$2:$B$5969,$A10,Games!$G$2:$G$5969) -> 430 | M10: =SUMIF(Games!$A:$A,$A10,Games!I:I) -> 4 | N10: =COUNTIF(Games!$A:$A,$A10)-M10 -> 13 | O10: =I10-J10 -> 113 | P10: =IFERROR(O10/Y10,0) -> 3.4242424 | Q10: =L10-K10 -> -27 | R10: =IFERROR(Q10/Y10,0) -> -0.81818182 | S10: Sun Belt | T10: =IFERROR((B10/(B10+C10))*25,0)+IFERROR((D10/(D10+E10))*25,0)+IFERROR((F10/(F10+G10))*10,0)+H10+((P10-RDAVG)/RebSD)*10+((R10-TODAVG)/TOSD)*6 -> 21.192514 | U10: =W10*X10 -> 0.24630745 | V10: =RANK(U10,U$2:U$352) -> 280 | W10: =IFERROR((D10-C10)/(D10+E10-(B10+C10)),0) -> 0.47154472 | X10: =IFERROR((F10-((B10+C10)*B10))/((F10+G10)-(B10+C10)^2),0) -> 0.52234167 | Y10: =COUNTIFS(Games!$A$2:$A$5969,$A10,Games!$E$2:$E$5969,"<>")+COUNTIFS(Games!$B$2:$B$5969,$A10,Games!$F$2:$F$5969,"<>") -> 33
A11: Arizona | B11: =SUMIF(Games!$A$2:$A$5969,$A11,Games!$I$2:$I$5969)+SUMIF(Games!$B$2:$B$5969,$A11,Games!$J$2:$J$5969) -> 26 | C11: =COUNTIF(Games!$A:$A,$A11)+COUNTIF(Games!$B:$B,$A11)-B11 -> 8 | D11: =SUMIF(Games!$A$2:$A$5969,$A11,Games!$M$2:$M$5969)+SUMIF(Games!$B$2:$B$5969,$A11,Games!$K$2:$K$5969) -> 626 | E11: =SUMIF(Games!$A$2:$A$5969,$A11,Games!$N$2:$N$5969)+SUMIF(Games!$B$2:$B$5969,$A11,Games!$L$2:$L$5969) -> 506 | F11: =SUMIF(Games!$A$2:$A$5969,$A11,Games!$Q$2:$Q$5969)+SUMIF(Games!$B$2:$B$5969,$A11,Games!$O$2:$O$5969) -> 21105 | G11: =SUMIF(Games!$A$2:$A$5969,$A11,Games!$R$2:$R$5969)+SUMIF(Games!$B$2:$B$5969,$A11,Games!$P$2:$P$5969) -> 16055 | H11: =SUMIF(Games!$A$2:$A$5969,$A11,Games!$S$2:$S$5969)+SUMIF(Games!$B$2:$B$5969,$A11,Games!$T$2:$T$5969) -> 81.16685 | I11: =SUMIF(Games!$A$2:$A$5969,$A11,Games!$E$2:$E$5969)+SUMIF(Games!$B$2:$B$5969,$A11,Games!$F$2:$F$5969) -> 1236 | J11: =SUMIF(Games!$A$2:$A$5969,$A11,Games!$F$2:$F$5969)+SUMIF(Games!$B$2:$B$5969,$A11,Games!$E$2:$E$5969) -> 994 | K11: =SUMIF(Games!$A$2:$A$5969,$A11,Games!$G$2:$G$5969)+SUMIF(Games!$B$2:$B$5969,$A11,Games!$H$2:$H$5969) -> 414 | L11: =SUMIF(Games!$A$2:$A$5969,$A11,Games!$H$2:$H$5969)+SUMIF(Games!$B$2:$B$5969,$A11,Games!$G$2:$G$5969) -> 396 | M11: =SUMIF(Games!$A:$A,$A11,Games!I:I) -> 8 | N11: =COUNTIF(Games!$A:$A,$A11)-M11 -> 6 | O11: =I11-J11 -> 242 | P11: =IFERROR(O11/Y11,0) -> 7.1176471 | Q11: =L11-K11 -> -18 | R11: =IFERROR(Q11/Y11,0) -> -0.52941176 | S11: Pac-12 | T11: =IFERROR((B11/(B11+C11))*25,0)+IFERROR((D11/(D11+E11))*25,0)+IFERROR((F11/(F11+G11))*10,0)+H11+((P11-RDAVG)/RebSD)*10+((R11-TODAVG)/TOSD)*6 -> 136.06536 | U11: =W11*X11 -> 0.31610984 | V11: =RANK(U11,U$2:U$352) -> 68 | W11: =IFERROR((D11-C11)/(D11+E11-(B11+C11)),0) -> 0.56284153 | X11: =IFERROR((F11-((B11+C11)*B11))/((F11+G11)-(B11+C11)^2),0) -> 0.56163204 | Y11: =COUNTIFS(Games!$A$2:$A$5969,$A11,Games!$E$2:$E$5969,"<>")+COUNTIFS(Games!$B$2:$B$5969,$A11,Games!$F$2:$F$5969,"<>") -> 34
A12: Arizona State | B12: =SUMIF(Games!$A$2:$A$5969,$A12,Games!$I$2:$I$5969)+SUMIF(Games!$B$2:$B$5969,$A12,Games!$J$2:$J$5969) -> 20 | C12: =COUNTIF(Games!$A:$A,$A12)+COUNTIF(Games!$B:$B,$A12)-B12 -> 12 | D12: =SUMIF(Games!$A$2:$A$5969,$A12,Games!$M$2:$M$5969)+SUMIF(Games!$B$2:$B$5969,$A12,Games!$K$2:$K$5969) -> 595 | E12: =SUMIF(Games!$A$2:$A$5969,$A12,Games!$N$2:$N$5969)+SUMIF(Games!$B$2:$B$5969,$A12,Games!$L$2:$L$5969) -> 484 | F12: =SUMIF(Games!$A$2:$A$5969,$A12,Games!$Q$2:$Q$5969)+SUMIF(Games!$B$2:$B$5969,$A12,Games!$O$2:$O$5969) -> 20178 | G12: =SUMIF(Games!$A$2:$A$5969,$A12,Games!$R$2:$R$5969)+SUMIF(Games!$B$2:$B$5969,$A12,Games!$P$2:$P$5969) -> 15239 | H12: =SUMIF(Games!$A$2:$A$5969,$A12,Games!$S$2:$S$5969)+SUMIF(Games!$B$2:$B$5969,$A12,Games!$T$2:$T$5969) -> 63.269468 | I12: =SUMIF(Games!$A$2:$A$5969,$A12,Games!$E$2:$E$5969)+SUMIF(Games!$B$2:$B$5969,$A12,Games!$F$2:$F$5969) -> 1126 | J12: =SUMIF(Games!$A$2:$A$5969,$A12,Games!$F$2:$F$5969)+SUMIF(Games!$B$2:$B$5969,$A12,Games!$E$2:$E$5969) -> 1171 | K12: =SUMIF(Games!$A$2:$A$5969,$A12,Games!$G$2:$G$5969)+SUMIF(Games!$B$2:$B$5969,$A12,Games!$H$2:$H$5969) -> 343 | L12: =SUMIF(Games!$A$2:$A$5969,$A12,Games!$H$2:$H$5969)+SUMIF(Games!$B$2:$B$5969,$A12,Games!$G$2:$G$5969) -> 474 | M12: =SUMIF(Games!$A:$A,$A12,Games!I:I) -> 6 | N12: =COUNTIF(Games!$A:$A,$A12)-M12 -> 7 | O12: =I12-J12 -> -45 | P12: =IFERROR(O12/Y12,0) -> -1.40625 | Q12: =L12-K12 -> 131 | R12: =IFERROR(Q12/Y12,0) -> 4.09375 | S12: Pac-12 | T12: =IFERROR((B12/(B12+C12))*25,0)+IFERROR((D12/(D12+E12))*25,0)+IFERROR((F12/(F12+G12))*10,0)+H12+((P12-RDAVG)/RebSD)*10+((R12-TODAVG)/TOSD)*6 -> 105.7004 | U12: =W12*X12 -> 0.31632384 | V12: =RANK(U12,U$2:U$352) -> 67 | W12: =IFERROR((D12-C12)/(D12+E12-(B12+C12)),0) -> 0.55682904 | X12: =IFERROR((F12-((B12+C12)*B12))/((F12+G12)-(B12+C12)^2),0) -> 0.56808071 | Y12: =COUNTIFS(Games!$A$2:$A$5969,$A12,Games!$E$2:$E$5969,"<>")+COUNTIFS(Games!$B$2:$B$5969,$A12,Games!$F$2:$F$5969,"<>") -> 32
A13: Arkansas | B13: =SUMIF(Games!$A$2:$A$5969,$A13,Games!$I$2:$I$5969)+SUMIF(Games!$B$2:$B$5969,$A13,Games!$J$2:$J$5969) -> 23 | C13: =COUNTIF(Games!$A:$A,$A13)+COUNTIF(Games!$B:$B,$A13)-B13 -> 12 | D13: =SUMIF(Games!$A$2:$A$5969,$A13,Games!$M$2:$M$5969)+SUMIF(Games!$B$2:$B$5969,$A13,Games!$K$2:$K$5969) -> 660 | E13: =SUMIF(Games!$A$2:$A$5969,$A13,Games!$N$2:$N$5969)+SUMIF(Games!$B$2:$B$5969,$A13,Games!$L$2:$L$5969) -> 497 | F13: =SUMIF(Games!$A$2:$A$5969,$A13,Games!$Q$2:$Q$5969)+SUMIF(Games!$B$2:$B$5969,$A13,Games!$O$2:$O$5969) -> 21983 | G13: =SUMIF(Games!$A$2:$A$5969,$A13,Games!$R$2:$R$5969)+SUMIF(Games!$B$2:$B$5969,$A13,Games!$P$2:$P$5969) -> 15974 | H13: =SUMIF(Games!$A$2:$A$5969,$A13,Games!$S$2:$S$5969)+SUMIF(Games!$B$2:$B$5969,$A13,Games!$T$2:$T$5969) -> 62.821742 | I13: =SUMIF(Games!$A$2:$A$5969,$A13,Games!$E$2:$E$5969)+SUMIF(Games!$B$2:$B$5969,$A13,Games!$F$2:$F$5969) -> 1207 | J13: =SUMIF(Games!$A$2:$A$5969,$A13,Games!$F$2:$F$5969)+SUMIF(Games!$B$2:$B$5969,$A13,Games!$E$2:$E$5969) -> 1263 | K13: =SUMIF(Games!$A$2:$A$5969,$A13,Games!$G$2:$G$5969)+SUMIF(Games!$B$2:$B$5969,$A13,Games!$H$2:$H$5969) -> 381 | L13: =SUMIF(Games!$A$2:$A$5969,$A13,Games!$H$2:$H$5969)+SUMIF(Games!$B$2:$B$5969,$A13,Games!$G$2:$G$5969) -> 490 | M13: =SUMIF(Games!$A:$A,$A13,Games!I:I) -> 6 | N13: =COUNTIF(Games!$A:$A,$A13)-M13 -> 8 | O13: =I13-J13 -> -56 | P13: =IFERROR(O13/Y13,0) -> -1.6 | Q13: =L13-K13 -> 109 | R13: =IFERROR(Q13/Y13,0) -> 3.1142857 | S13: SEC | T13: =IFERROR((B13/(B13+C13))*25,0)+IFERROR((D13/(D13+E13))*25,0)+IFERROR((F13/(F13+G13))*10,0)+H13+((P13-RDAVG)/RebSD)*10+((R13-TODAVG)/TOSD)*6 -> 102.95742 | U13: =W13*X13 -> 0.33298335 | V13: =RANK(U13,U$2:U$352) -> 37 | W13: =IFERROR((D13-C13)/(D13+E13-(B13+C13)),0) -> 0.57754011 | X13: =IFERROR((F13-((B13+C13)*B13))/((F13+G13)-(B13+C13)^2),0) -> 0.5765545 | Y13: =COUNTIFS(Games!$A$2:$A$5969,$A13,Games!$E$2:$E$5969,"<>")+COUNTIFS(Games!$B$2:$B$5969,$A13,Games!$F$2:$F$5969,"<>") -> 35
... A352: Youngstown State | B352: =SUMIF(Games!$A$2:$A$5969,$A352,Games!$I$2:$I$5969)+SUMIF(Games!$B$2:$B$5969,$A352,Games!$J$2:$J$5969) -> 8 | C352: =COUNTIF(Games!$A:$A,$A352)+COUNTIF(Games!$B:$B,$A352)-B352 -> 24 | D352: =SUMIF(Games!$A$2:$A$5969,$A352,Games!$M$2:$M$5969)+SUMIF(Games!$B$2:$B$5969,$A352,Games!$K$2:$K$5969) -> 505 | E352: =SUMIF(Games!$A$2:$A$5969,$A352,Games!$N$2:$N$5969)+SUMIF(Games!$B$2:$B$5969,$A352,Games!$L$2:$L$5969) -> 499 | F352: =SUMIF(Games!$A$2:$A$5969,$A352,Games!$Q$2:$Q$5969)+SUMIF(Games!$B$2:$B$5969,$A352,Games!$O$2:$O$5969) -> 16067 | G352: =SUMIF(Games!$A$2:$A$5969,$A352,Games!$R$2:$R$5969)+SUMIF(Games!$B$2:$B$5969,$A352,Games!$P$2:$P$5969) -> 15586 | H352: =SUMIF(Games!$A$2:$A$5969,$A352,Games!$S$2:$S$5969)+SUMIF(Games!$B$2:$B$5969,$A352,Games!$T$2:$T$5969) -> -71.431325 | I352: =SUMIF(Games!$A$2:$A$5969,$A352,Games!$E$2:$E$5969)+SUMIF(Games!$B$2:$B$5969,$A352,Games!$F$2:$F$5969) -> 1164 | J352: =SUMIF(Games!$A$2:$A$5969,$A352,Games!$F$2:$F$5969)+SUMIF(Games!$B$2:$B$5969,$A352,Games!$E$2:$E$5969) -> 1124 | K352: =SUMIF(Games!$A$2:$A$5969,$A352,Games!$G$2:$G$5969)+SUMIF(Games!$B$2:$B$5969,$A352,Games!$H$2:$H$5969) -> 460 | L352: =SUMIF(Games!$A$2:$A$5969,$A352,Games!$H$2:$H$5969)+SUMIF(Games!$B$2:$B$5969,$A352,Games!$G$2:$G$5969) -> 497 | M352: =SUMIF(Games!$A:$A,$A352,Games!I:I) -> 2 | N352: =COUNTIF(Games!$A:$A,$A352)-M352 -> 17 | O352: =I352-J352 -> 40 | P352: =IFERROR(O352/Y352,0) -> 1.25 | Q352: =L352-K352 -> 37 | R352: =IFERROR(Q352/Y352,0) -> 1.15625 | S352: Horizon | T352: =IFERROR((B352/(B352+C352))*25,0)+IFERROR((D352/(D352+E352))*25,0)+IFERROR((F352/(F352+G352))*10,0)+H352+((P352-RDAVG)/RebSD)*10+((R352-TODAVG)/TOSD)*6 -> -42.199477 | U352: =W352*X352 -> 0.25544966 | V352: =RANK(U352,U$2:U$352) -> 243 | W352: =IFERROR((D352-C352)/(D352+E352-(B352+C352)),0) -> 0.49485597 | X352: =IFERROR((F352-((B352+C352)*B352))/((F352+G352)-(B352+C352)^2),0) -> 0.51621013 | Y352: =COUNTIFS(Games!$A$2:$A$5969,$A352,Games!$E$2:$E$5969,"<>")+COUNTIFS(Games!$B$2:$B$5969,$A352,Games!$F$2:$F$5969,"<>") -> 32
A353: Adams State | B353: =SUMIF(Games!$A$2:$A$5969,$A353,Games!$I$2:$I$5969)+SUMIF(Games!$B$2:$B$5969,$A353,Games!$J$2:$J$5969) -> 0 | C353: =COUNTIF(Games!$A:$A,$A353)+COUNTIF(Games!$B:$B,$A353)-B353 -> 1 | D353: =SUMIF(Games!$A$2:$A$5969,$A353,Games!$M$2:$M$5969)+SUMIF(Games!$B$2:$B$5969,$A353,Games!$K$2:$K$5969) -> 17 | E353: =SUMIF(Games!$A$2:$A$5969,$A353,Games!$N$2:$N$5969)+SUMIF(Games!$B$2:$B$5969,$A353,Games!$L$2:$L$5969) -> 13 | F353: =SUMIF(Games!$A$2:$A$5969,$A353,Games!$Q$2:$Q$5969)+SUMIF(Games!$B$2:$B$5969,$A353,Games!$O$2:$O$5969) -> 461 | G353: =SUMIF(Games!$A$2:$A$5969,$A353,Games!$R$2:$R$5969)+SUMIF(Games!$B$2:$B$5969,$A353,Games!$P$2:$P$5969) -> 455 | H353: =SUMIF(Games!$A$2:$A$5969,$A353,Games!$S$2:$S$5969)+SUMIF(Games!$B$2:$B$5969,$A353,Games!$T$2:$T$5969) -> -2.1524745 | I353: =SUMIF(Games!$A$2:$A$5969,$A353,Games!$E$2:$E$5969)+SUMIF(Games!$B$2:$B$5969,$A353,Games!$F$2:$F$5969) -> 36 | J353: =SUMIF(Games!$A$2:$A$5969,$A353,Games!$F$2:$F$5969)+SUMIF(Games!$B$2:$B$5969,$A353,Games!$E$2:$E$5969) -> 32 | K353: =SUMIF(Games!$A$2:$A$5969,$A353,Games!$G$2:$G$5969)+SUMIF(Games!$B$2:$B$5969,$A353,Games!$H$2:$H$5969) -> 22 | L353: =SUMIF(Games!$A$2:$A$5969,$A353,Games!$H$2:$H$5969)+SUMIF(Games!$B$2:$B$5969,$A353,Games!$G$2:$G$5969) -> 12 | M353: =SUMIF(Games!$A:$A,$A353,Games!I:I) -> 0 | N353: =COUNTIF(Games!$A:$A,$A353)-M353 -> 1
A354: Alaska Anchorage | B354: =SUMIF(Games!$A$2:$A$5969,$A354,Games!$I$2:$I$5969)+SUMIF(Games!$B$2:$B$5969,$A354,Games!$J$2:$J$5969) -> 1 | C354: =COUNTIF(Games!$A:$A,$A354)+COUNTIF(Games!$B:$B,$A354)-B354 -> 2 | D354: =SUMIF(Games!$A$2:$A$5969,$A354,Games!$M$2:$M$5969)+SUMIF(Games!$B$2:$B$5969,$A354,Games!$K$2:$K$5969) -> 49 | E354: =SUMIF(Games!$A$2:$A$5969,$A354,Games!$N$2:$N$5969)+SUMIF(Games!$B$2:$B$5969,$A354,Games!$L$2:$L$5969) -> 46 | F354: =SUMIF(Games!$A$2:$A$5969,$A354,Games!$Q$2:$Q$5969)+SUMIF(Games!$B$2:$B$5969,$A354,Games!$O$2:$O$5969) -> 1518 | G354: =SUMIF(Games!$A$2:$A$5969,$A354,Games!$R$2:$R$5969)+SUMIF(Games!$B$2:$B$5969,$A354,Games!$P$2:$P$5969) -> 1402 | H354: =SUMIF(Games!$A$2:$A$5969,$A354,Games!$S$2:$S$5969)+SUMIF(Games!$B$2:$B$5969,$A354,Games!$T$2:$T$5969) -> -5.4826596 | I354: =SUMIF(Games!$A$2:$A$5969,$A354,Games!$E$2:$E$5969)+SUMIF(Games!$B$2:$B$5969,$A354,Games!$F$2:$F$5969) -> 93 | J354: =SUMIF(Games!$A$2:$A$5969,$A354,Games!$F$2:$F$5969)+SUMIF(Games!$B$2:$B$5969,$A354,Games!$E$2:$E$5969) -> 97 | K354: =SUMIF(Games!$A$2:$A$5969,$A354,Games!$G$2:$G$5969)+SUMIF(Games!$B$2:$B$5969,$A354,Games!$H$2:$H$5969) -> 34 | L354: =SUMIF(Games!$A$2:$A$5969,$A354,Games!$H$2:$H$5969)+SUMIF(Games!$B$2:$B$5969,$A354,Games!$G$2:$G$5969) -> 35 | M354: =SUMIF(Games!$A:$A,$A354,Games!I:I) -> 0 | N354: =COUNTIF(Games!$A:$A,$A354)-M354 -> 0
A355: Albany St (GA) | B355: =SUMIF(Games!$A$2:$A$5969,$A355,Games!$I$2:$I$5969)+SUMIF(Games!$B$2:$B$5969,$A355,Games!$J$2:$J$5969) -> 0 | C355: =COUNTIF(Games!$A:$A,$A355)+COUNTIF(Games!$B:$B,$A355)-B355 -> 1 | D355: =SUMIF(Games!$A$2:$A$5969,$A355,Games!$M$2:$M$5969)+SUMIF(Games!$B$2:$B$5969,$A355,Games!$K$2:$K$5969) -> 9 | E355: =SUMIF(Games!$A$2:$A$5969,$A355,Games!$N$2:$N$5969)+SUMIF(Games!$B$2:$B$5969,$A355,Games!$L$2:$L$5969) -> 25 | F355: =SUMIF(Games!$A$2:$A$5969,$A355,Games!$Q$2:$Q$5969)+SUMIF(Games!$B$2:$B$5969,$A355,Games!$O$2:$O$5969) -> 507 | G355: =SUMIF(Games!$A$2:$A$5969,$A355,Games!$R$2:$R$5969)+SUMIF(Games!$B$2:$B$5969,$A355,Games!$P$2:$P$5969) -> 582 | H355: =SUMIF(Games!$A$2:$A$5969,$A355,Games!$S$2:$S$5969)+SUMIF(Games!$B$2:$B$5969,$A355,Games!$T$2:$T$5969) -> -7.0734079 | I355: =SUMIF(Games!$A$2:$A$5969,$A355,Games!$E$2:$E$5969)+SUMIF(Games!$B$2:$B$5969,$A355,Games!$F$2:$F$5969) -> 34 | J355: =SUMIF(Games!$A$2:$A$5969,$A355,Games!$F$2:$F$5969)+SUMIF(Games!$B$2:$B$5969,$A355,Games!$E$2:$E$5969) -> 37 | K355: =SUMIF(Games!$A$2:$A$5969,$A355,Games!$G$2:$G$5969)+SUMIF(Games!$B$2:$B$5969,$A355,Games!$H$2:$H$5969) -> 21 | L355: =SUMIF(Games!$A$2:$A$5969,$A355,Games!$H$2:$H$5969)+SUMIF(Games!$B$2:$B$5969,$A355,Games!$G$2:$G$5969) -> 15 | M355: =SUMIF(Games!$A:$A,$A355,Games!I:I) -> 0 | N355: =COUNTIF(Games!$A:$A,$A355)-M355 -> 1
A356: Alice Lloyd College | B356: =SUMIF(Games!$A$2:$A$5969,$A356,Games!$I$2:$I$5969)+SUMIF(Games!$B$2:$B$5969,$A356,Games!$J$2:$J$5969) -> 0 | C356: =COUNTIF(Games!$A:$A,$A356)+COUNTIF(Games!$B:$B,$A356)-B356 -> 1 | D356: =SUMIF(Games!$A$2:$A$5969,$A356,Games!$M$2:$M$5969)+SUMIF(Games!$B$2:$B$5969,$A356,Games!$K$2:$K$5969) -> 8 | E356: =SUMIF(Games!$A$2:$A$5969,$A356,Games!$N$2:$N$5969)+SUMIF(Games!$B$2:$B$5969,$A356,Games!$L$2:$L$5969) -> 21 | F356: =SUMIF(Games!$A$2:$A$5969,$A356,Games!$Q$2:$Q$5969)+SUMIF(Games!$B$2:$B$5969,$A356,Games!$O$2:$O$5969) -> 484 | G356: =SUMIF(Games!$A$2:$A$5969,$A356,Games!$R$2:$R$5969)+SUMIF(Games!$B$2:$B$5969,$A356,Games!$P$2:$P$5969) -> 397 | H356: =SUMIF(Games!$A$2:$A$5969,$A356,Games!$S$2:$S$5969)+SUMIF(Games!$B$2:$B$5969,$A356,Games!$T$2:$T$5969) -> -9.7894242 | I356: =SUMIF(Games!$A$2:$A$5969,$A356,Games!$E$2:$E$5969)+SUMIF(Games!$B$2:$B$5969,$A356,Games!$F$2:$F$5969) -> 18 | J356: =SUMIF(Games!$A$2:$A$5969,$A356,Games!$F$2:$F$5969)+SUMIF(Games!$B$2:$B$5969,$A356,Games!$E$2:$E$5969) -> 62 | K356: =SUMIF(Games!$A$2:$A$5969,$A356,Games!$G$2:$G$5969)+SUMIF(Games!$B$2:$B$5969,$A356,Games!$H$2:$H$5969) -> 14 | L356: =SUMIF(Games!$A$2:$A$5969,$A356,Games!$H$2:$H$5969)+SUMIF(Games!$B$2:$B$5969,$A356,Games!$G$2:$G$5969) -> 22 | M356: =SUMIF(Games!$A:$A,$A356,Games!I:I) -> 0 | N356: =COUNTIF(Games!$A:$A,$A356)-M356 -> 1
A357: Allen University | B357: =SUMIF(Games!$A$2:$A$5969,$A357,Games!$I$2:$I$5969)+SUMIF(Games!$B$2:$B$5969,$A357,Games!$J$2:$J$5969) -> 0 | C357: =COUNTIF(Games!$A:$A,$A357)+COUNTIF(Games!$B:$B,$A357)-B357 -> 2 | D357: =SUMIF(Games!$A$2:$A$5969,$A357,Games!$M$2:$M$5969)+SUMIF(Games!$B$2:$B$5969,$A357,Games!$K$2:$K$5969) -> 25 | E357: =SUMIF(Games!$A$2:$A$5969,$A357,Games!$N$2:$N$5969)+SUMIF(Games!$B$2:$B$5969,$A357,Games!$L$2:$L$5969) -> 41 | F357: =SUMIF(Games!$A$2:$A$5969,$A357,Games!$Q$2:$Q$5969)+SUMIF(Games!$B$2:$B$5969,$A357,Games!$O$2:$O$5969) -> 964 | G357: =SUMIF(Games!$A$2:$A$5969,$A357,Games!$R$2:$R$5969)+SUMIF(Games!$B$2:$B$5969,$A357,Games!$P$2:$P$5969) -> 990 | H357: =SUMIF(Games!$A$2:$A$5969,$A357,Games!$S$2:$S$5969)+SUMIF(Games!$B$2:$B$5969,$A357,Games!$T$2:$T$5969) -> -14.384684 | I357: =SUMIF(Games!$A$2:$A$5969,$A357,Games!$E$2:$E$5969)+SUMIF(Games!$B$2:$B$5969,$A357,Games!$F$2:$F$5969) -> 72 | J357: =SUMIF(Games!$A$2:$A$5969,$A357,Games!$F$2:$F$5969)+SUMIF(Games!$B$2:$B$5969,$A357,Games!$E$2:$E$5969) -> 79 | K357: =SUMIF(Games!$A$2:$A$5969,$A357,Games!$G$2:$G$5969)+SUMIF(Games!$B$2:$B$5969,$A357,Games!$H$2:$H$5969) -> 35 | L357: =SUMIF(Games!$A$2:$A$5969,$A357,Games!$H$2:$H$5969)+SUMIF(Games!$B$2:$B$5969,$A357,Games!$G$2:$G$5969) -> 26 | M357: =SUMIF(Games!$A:$A,$A357,Games!I:I) -> 0 | N357: =COUNTIF(Games!$A:$A,$A357)-M357 -> 2
A358: Anderson (IN) | B358: =SUMIF(Games!$A$2:$A$5969,$A358,Games!$I$2:$I$5969)+SUMIF(Games!$B$2:$B$5969,$A358,Games!$J$2:$J$5969) -> 0 | C358: =COUNTIF(Games!$A:$A,$A358)+COUNTIF(Games!$B:$B,$A358)-B358 -> 1 | D358: =SUMIF(Games!$A$2:$A$5969,$A358,Games!$M$2:$M$5969)+SUMIF(Games!$B$2:$B$5969,$A358,Games!$K$2:$K$5969) -> 11 | E358: =SUMIF(Games!$A$2:$A$5969,$A358,Games!$N$2:$N$5969)+SUMIF(Games!$B$2:$B$5969,$A358,Games!$L$2:$L$5969) -> 19 | F358: =SUMIF(Games!$A$2:$A$5969,$A358,Games!$Q$2:$Q$5969)+SUMIF(Games!$B$2:$B$5969,$A358,Games!$O$2:$O$5969) -> 459 | G358: =SUMIF(Games!$A$2:$A$5969,$A358,Games!$R$2:$R$5969)+SUMIF(Games!$B$2:$B$5969,$A358,Games!$P$2:$P$5969) -> 467 | H358: =SUMIF(Games!$A$2:$A$5969,$A358,Games!$S$2:$S$5969)+SUMIF(Games!$B$2:$B$5969,$A358,Games!$T$2:$T$5969) -> -9.5820734 | I358: =SUMIF(Games!$A$2:$A$5969,$A358,Games!$E$2:$E$5969)+SUMIF(Games!$B$2:$B$5969,$A358,Games!$F$2:$F$5969) -> 32 | J358: =SUMIF(Games!$A$2:$A$5969,$A358,Games!$F$2:$F$5969)+SUMIF(Games!$B$2:$B$5969,$A358,Games!$E$2:$E$5969) -> 41 | K358: =SUMIF(Games!$A$2:$A$5969,$A358,Games!$G$2:$G$5969)+SUMIF(Games!$B$2:$B$5969,$A358,Games!$H$2:$H$5969) -> 23 | L358: =SUMIF(Games!$A$2:$A$5969,$A358,Games!$H$2:$H$5969)+SUMIF(Games!$B$2:$B$5969,$A358,Games!$G$2:$G$5969) -> 19 | M358: =SUMIF(Games!$A:$A,$A358,Games!I:I) -> 0 | N358: =COUNTIF(Games!$A:$A,$A358)-M358 -> 1
A359: Antelope Valley | B359: =SUMIF(Games!$A$2:$A$5969,$A359,Games!$I$2:$I$5969)+SUMIF(Games!$B$2:$B$5969,$A359,Games!$J$2:$J$5969) -> 0 | C359: =COUNTIF(Games!$A:$A,$A359)+COUNTIF(Games!$B:$B,$A359)-B359 -> 2 | D359: =SUMIF(Games!$A$2:$A$5969,$A359,Games!$M$2:$M$5969)+SUMIF(Games!$B$2:$B$5969,$A359,Games!$K$2:$K$5969) -> 11 | E359: =SUMIF(Games!$A$2:$A$5969,$A359,Games!$N$2:$N$5969)+SUMIF(Games!$B$2:$B$5969,$A359,Games!$L$2:$L$5969) -> 51 | F359: =SUMIF(Games!$A$2:$A$5969,$A359,Games!$Q$2:$Q$5969)+SUMIF(Games!$B$2:$B$5969,$A359,Games!$O$2:$O$5969) -> 1086 | G359: =SUMIF(Games!$A$2:$A$5969,$A359,Games!$R$2:$R$5969)+SUMIF(Games!$B$2:$B$5969,$A359,Games!$P$2:$P$5969) -> 855 | H359: =SUMIF(Games!$A$2:$A$5969,$A359,Games!$S$2:$S$5969)+SUMIF(Games!$B$2:$B$5969,$A359,Games!$T$2:$T$5969) -> -19.343942 | I359: =SUMIF(Games!$A$2:$A$5969,$A359,Games!$E$2:$E$5969)+SUMIF(Games!$B$2:$B$5969,$A359,Games!$F$2:$F$5969) -> 65 | J359: =SUMIF(Games!$A$2:$A$5969,$A359,Games!$F$2:$F$5969)+SUMIF(Games!$B$2:$B$5969,$A359,Games!$E$2:$E$5969) -> 91 | K359: =SUMIF(Games!$A$2:$A$5969,$A359,Games!$G$2:$G$5969)+SUMIF(Games!$B$2:$B$5969,$A359,Games!$H$2:$H$5969) -> 32 | L359: =SUMIF(Games!$A$2:$A$5969,$A359,Games!$H$2:$H$5969)+SUMIF(Games!$B$2:$B$5969,$A359,Games!$G$2:$G$5969) -> 24 | M359: =SUMIF(Games!$A:$A,$A359,Games!I:I) -> 0 | N359: =COUNTIF(Games!$A:$A,$A359)-M359 -> 2
A360: Arcadia | B360: =SUMIF(Games!$A$2:$A$5969,$A360,Games!$I$2:$I$5969)+SUMIF(Games!$B$2:$B$5969,$A360,Games!$J$2:$J$5969) -> 0 | C360: =COUNTIF(Games!$A:$A,$A360)+COUNTIF(Games!$B:$B,$A360)-B360 -> 1 | D360: =SUMIF(Games!$A$2:$A$5969,$A360,Games!$M$2:$M$5969)+SUMIF(Games!$B$2:$B$5969,$A360,Games!$K$2:$K$5969) -> 13 | E360: =SUMIF(Games!$A$2:$A$5969,$A360,Games!$N$2:$N$5969)+SUMIF(Games!$B$2:$B$5969,$A360,Games!$L$2:$L$5969) -> 20 | F360: =SUMIF(Games!$A$2:$A$5969,$A360,Games!$Q$2:$Q$5969)+SUMIF(Games!$B$2:$B$5969,$A360,Games!$O$2:$O$5969) -> 534 | G360: =SUMIF(Games!$A$2:$A$5969,$A360,Games!$R$2:$R$5969)+SUMIF(Games!$B$2:$B$5969,$A360,Games!$P$2:$P$5969) -> 500 | H360: =SUMIF(Games!$A$2:$A$5969,$A360,Games!$S$2:$S$5969)+SUMIF(Games!$B$2:$B$5969,$A360,Games!$T$2:$T$5969) -> -4.1029248 | I360: =SUMIF(Games!$A$2:$A$5969,$A360,Games!$E$2:$E$5969)+SUMIF(Games!$B$2:$B$5969,$A360,Games!$F$2:$F$5969) -> 38 | J360: =SUMIF(Games!$A$2:$A$5969,$A360,Games!$F$2:$F$5969)+SUMIF(Games!$B$2:$B$5969,$A360,Games!$E$2:$E$5969) -> 35 | K360: =SUMIF(Games!$A$2:$A$5969,$A360,Games!$G$2:$G$5969)+SUMIF(Games!$B$2:$B$5969,$A360,Games!$H$2:$H$5969) -> 19 | L360: =SUMIF(Games!$A$2:$A$5969,$A360,Games!$H$2:$H$5969)+SUMIF(Games!$B$2:$B$5969,$A360,Games!$G$2:$G$5969) -> 16 | M360: =SUMIF(Games!$A:$A,$A360,Games!I:I) -> 0 | N360: =COUNTIF(Games!$A:$A,$A360)-M360 -> 1
A361: Arkansas-Fort Smith | B361: =SUMIF(Games!$A$2:$A$5969,$A361,Games!$I$2:$I$5969)+SUMIF(Games!$B$2:$B$5969,$A361,Games!$J$2:$J$5969) -> 0 | C361: =COUNTIF(Games!$A:$A,$A361)+COUNTIF(Games!$B:$B,$A361)-B361 -> 2 | D361: =SUMIF(Games!$A$2:$A$5969,$A361,Games!$M$2:$M$5969)+SUMIF(Games!$B$2:$B$5969,$A361,Games!$K$2:$K$5969) -> 25 | E361: =SUMIF(Games!$A$2:$A$5969,$A361,Games!$N$2:$N$5969)+SUMIF(Games!$B$2:$B$5969,$A361,Games!$L$2:$L$5969) -> 39 | F361: =SUMIF(Games!$A$2:$A$5969,$A361,Games!$Q$2:$Q$5969)+SUMIF(Games!$B$2:$B$5969,$A361,Games!$O$2:$O$5969) -> 1133 | G361: =SUMIF(Games!$A$2:$A$5969,$A361,Games!$R$2:$R$5969)+SUMIF(Games!$B$2:$B$5969,$A361,Games!$P$2:$P$5969) -> 936 | H361: =SUMIF(Games!$A$2:$A$5969,$A361,Games!$S$2:$S$5969)+SUMIF(Games!$B$2:$B$5969,$A361,Games!$T$2:$T$5969) -> -11.79172 | I361: =SUMIF(Games!$A$2:$A$5969,$A361,Games!$E$2:$E$5969)+SUMIF(Games!$B$2:$B$5969,$A361,Games!$F$2:$F$5969) -> 71 | J361: =SUMIF(Games!$A$2:$A$5969,$A361,Games!$F$2:$F$5969)+SUMIF(Games!$B$2:$B$5969,$A361,Games!$E$2:$E$5969) -> 77 | K361: =SUMIF(Games!$A$2:$A$5969,$A361,Games!$G$2:$G$5969)+SUMIF(Games!$B$2:$B$5969,$A361,Games!$H$2:$H$5969) -> 30 | L361: =SUMIF(Games!$A$2:$A$5969,$A361,Games!$H$2:$H$5969)+SUMIF(Games!$B$2:$B$5969,$A361,Games!$G$2:$G$5969) -> 16 | M361: =SUMIF(Games!$A:$A,$A361,Games!I:I) -> 0 | N361: =COUNTIF(Games!$A:$A,$A361)-M361 -> 2
A362: Arlington Baptist | B362: =SUMIF(Games!$A$2:$A$5969,$A362,Games!$I$2:$I$5969)+SUMIF(Games!$B$2:$B$5969,$A362,Games!$J$2:$J$5969) -> 0 | C362: =COUNTIF(Games!$A:$A,$A362)+COUNTIF(Games!$B:$B,$A362)-B362 -> 3 | D362: =SUMIF(Games!$A$2:$A$5969,$A362,Games!$M$2:$M$5969)+SUMIF(Games!$B$2:$B$5969,$A362,Games!$K$2:$K$5969) -> 50 | E362: =SUMIF(Games!$A$2:$A$5969,$A362,Games!$N$2:$N$5969)+SUMIF(Games!$B$2:$B$5969,$A362,Games!$L$2:$L$5969) -> 48 | F362: =SUMIF(Games!$A$2:$A$5969,$A362,Games!$Q$2:$Q$5969)+SUMIF(Games!$B$2:$B$5969,$A362,Games!$O$2:$O$5969) -> 1402 | G362: =SUMIF(Games!$A$2:$A$5969,$A362,Games!$R$2:$R$5969)+SUMIF(Games!$B$2:$B$5969,$A362,Games!$P$2:$P$5969) -> 1437 | H362: =SUMIF(Games!$A$2:$A$5969,$A362,Games!$S$2:$S$5969)+SUMIF(Games!$B$2:$B$5969,$A362,Games!$T$2:$T$5969) -> -22.428546 | I362: =SUMIF(Games!$A$2:$A$5969,$A362,Games!$E$2:$E$5969)+SUMIF(Games!$B$2:$B$5969,$A362,Games!$F$2:$F$5969) -> 76 | J362: =SUMIF(Games!$A$2:$A$5969,$A362,Games!$F$2:$F$5969)+SUMIF(Games!$B$2:$B$5969,$A362,Games!$E$2:$E$5969) -> 138 | K362: =SUMIF(Games!$A$2:$A$5969,$A362,Games!$G$2:$G$5969)+SUMIF(Games!$B$2:$B$5969,$A362,Games!$H$2:$H$5969) -> 62 | L362: =SUMIF(Games!$A$2:$A$5969,$A362,Games!$H$2:$H$5969)+SUMIF(Games!$B$2:$B$5969,$A362,Games!$G$2:$G$5969) -> 38 | M362: =SUMIF(Games!$A:$A,$A362,Games!I:I) -> 0 | N362: =COUNTIF(Games!$A:$A,$A362)-M362 -> 3
A363: Asbury | B363: =SUMIF(Games!$A$2:$A$5969,$A363,Games!$I$2:$I$5969)+SUMIF(Games!$B$2:$B$5969,$A363,Games!$J$2:$J$5969) -> 0 | C363: =COUNTIF(Games!$A:$A,$A363)+COUNTIF(Games!$B:$B,$A363)-B363 -> 2 | D363: =SUMIF(Games!$A$2:$A$5969,$A363,Games!$M$2:$M$5969)+SUMIF(Games!$B$2:$B$5969,$A363,Games!$K$2:$K$5969) -> 21 | E363: =SUMIF(Games!$A$2:$A$5969,$A363,Games!$N$2:$N$5969)+SUMIF(Games!$B$2:$B$5969,$A363,Games!$L$2:$L$5969) -> 42 | F363: =SUMIF(Games!$A$2:$A$5969,$A363,Games!$Q$2:$Q$5969)+SUMIF(Games!$B$2:$B$5969,$A363,Games!$O$2:$O$5969) -> 1001 | G363: =SUMIF(Games!$A$2:$A$5969,$A363,Games!$R$2:$R$5969)+SUMIF(Games!$B$2:$B$5969,$A363,Games!$P$2:$P$5969) -> 934 | H363: =SUMIF(Games!$A$2:$A$5969,$A363,Games!$S$2:$S$5969)+SUMIF(Games!$B$2:$B$5969,$A363,Games!$T$2:$T$5969) -> -18.336663 | I363: =SUMIF(Games!$A$2:$A$5969,$A363,Games!$E$2:$E$5969)+SUMIF(Games!$B$2:$B$5969,$A363,Games!$F$2:$F$5969) -> 64 | J363: =SUMIF(Games!$A$2:$A$5969,$A363,Games!$F$2:$F$5969)+SUMIF(Games!$B$2:$B$5969,$A363,Games!$E$2:$E$5969) -> 94 | K363: =SUMIF(Games!$A$2:$A$5969,$A363,Games!$G$2:$G$5969)+SUMIF(Games!$B$2:$B$5969,$A363,Games!$H$2:$H$5969) -> 32 | L363: =SUMIF(Games!$A$2:$A$5969,$A363,Games!$H$2:$H$5969)+SUMIF(Games!$B$2:$B$5969,$A363,Games!$G$2:$G$5969) -> 19 | M363: =SUMIF(Games!$A:$A,$A363,Games!I:I) -> 0 | N363: =COUNTIF(Games!$A:$A,$A363)-M363 -> 2
A364: Augustana (IL) | B364: =SUMIF(Games!$A$2:$A$5969,$A364,Games!$I$2:$I$5969)+SUMIF(Games!$B$2:$B$5969,$A364,Games!$J$2:$J$5969) -> 0 | C364: =COUNTIF(Games!$A:$A,$A364)+COUNTIF(Games!$B:$B,$A364)-B364 -> 1 | D364: =SUMIF(Games!$A$2:$A$5969,$A364,Games!$M$2:$M$5969)+SUMIF(Games!$B$2:$B$5969,$A364,Games!$K$2:$K$5969) -> 14 | E364: =SUMIF(Games!$A$2:$A$5969,$A364,Games!$N$2:$N$5969)+SUMIF(Games!$B$2:$B$5969,$A364,Games!$L$2:$L$5969) -> 18 | F364: =SUMIF(Games!$A$2:$A$5969,$A364,Games!$Q$2:$Q$5969)+SUMIF(Games!$B$2:$B$5969,$A364,Games!$O$2:$O$5969) -> 590 | G364: =SUMIF(Games!$A$2:$A$5969,$A364,Games!$R$2:$R$5969)+SUMIF(Games!$B$2:$B$5969,$A364,Games!$P$2:$P$5969) -> 445 | H364: =SUMIF(Games!$A$2:$A$5969,$A364,Games!$S$2:$S$5969)+SUMIF(Games!$B$2:$B$5969,$A364,Games!$T$2:$T$5969) -> -7.2554348 | I364: =SUMIF(Games!$A$2:$A$5969,$A364,Games!$E$2:$E$5969)+SUMIF(Games!$B$2:$B$5969,$A364,Games!$F$2:$F$5969) -> 32 | J364: =SUMIF(Games!$A$2:$A$5969,$A364,Games!$F$2:$F$5969)+SUMIF(Games!$B$2:$B$5969,$A364,Games!$E$2:$E$5969) -> 35 | K364: =SUMIF(Games!$A$2:$A$5969,$A364,Games!$G$2:$G$5969)+SUMIF(Games!$B$2:$B$5969,$A364,Games!$H$2:$H$5969) -> 29 | L364: =SUMIF(Games!$A$2:$A$5969,$A364,Games!$H$2:$H$5969)+SUMIF(Games!$B$2:$B$5969,$A364,Games!$G$2:$G$5969) -> 12 | M364: =SUMIF(Games!$A:$A,$A364,Games!I:I) -> 0 | N364: =COUNTIF(Games!$A:$A,$A364)-M364 -> 1
... A659: York College Pa | B659: =SUMIF(Games!$A$2:$A$5969,$A659,Games!$I$2:$I$5969)+SUMIF(Games!$B$2:$B$5969,$A659,Games!$J$2:$J$5969) -> 0 | C659: =COUNTIF(Games!$A:$A,$A659)+COUNTIF(Games!$B:$B,$A659)-B659 -> 1 | D659: =SUMIF(Games!$A$2:$A$5969,$A659,Games!$M$2:$M$5969)+SUMIF(Games!$B$2:$B$5969,$A659,Games!$K$2:$K$5969) -> 18 | E659: =SUMIF(Games!$A$2:$A$5969,$A659,Games!$N$2:$N$5969)+SUMIF(Games!$B$2:$B$5969,$A659,Games!$L$2:$L$5969) -> 13 | F659: =SUMIF(Games!$A$2:$A$5969,$A659,Games!$Q$2:$Q$5969)+SUMIF(Games!$B$2:$B$5969,$A659,Games!$O$2:$O$5969) -> 392 | G659: =SUMIF(Games!$A$2:$A$5969,$A659,Games!$R$2:$R$5969)+SUMIF(Games!$B$2:$B$5969,$A659,Games!$P$2:$P$5969) -> 532 | H659: =SUMIF(Games!$A$2:$A$5969,$A659,Games!$S$2:$S$5969)+SUMIF(Games!$B$2:$B$5969,$A659,Games!$T$2:$T$5969) -> -2.655914 | I659: =SUMIF(Games!$A$2:$A$5969,$A659,Games!$E$2:$E$5969)+SUMIF(Games!$B$2:$B$5969,$A659,Games!$F$2:$F$5969) -> 37 | J659: =SUMIF(Games!$A$2:$A$5969,$A659,Games!$F$2:$F$5969)+SUMIF(Games!$B$2:$B$5969,$A659,Games!$E$2:$E$5969) -> 39 | K659: =SUMIF(Games!$A$2:$A$5969,$A659,Games!$G$2:$G$5969)+SUMIF(Games!$B$2:$B$5969,$A659,Games!$H$2:$H$5969) -> 13 | L659: =SUMIF(Games!$A$2:$A$5969,$A659,Games!$H$2:$H$5969)+SUMIF(Games!$B$2:$B$5969,$A659,Games!$G$2:$G$5969) -> 16 | M659: =SUMIF(Games!$A:$A,$A659,Games!I:I) -> 0 | N659: =COUNTIF(Games!$A:$A,$A659)-M659 -> 1
A660: Mean | P660: =AVERAGE(P2:P352) -> 0.45679617 | R660: =AVERAGE(R2:R352) -> 0.17846993
A661: StDev | P661: =STDEV(P2:P352) -> 3.5931421 | R661: =STDEV(R2:R352) -> 1.8781685
A663: Mean and StDev cover D1 teams only (rows 2 through 352); non-D1 opponents sort after and are excluded, as in classic.compute's z-score pool.
