Workbook

Sheet MRI
A1: Rank | B1: Team | C1: W | D1: L | E1: MRI Raw | F1: Avg.
A2: =RANK(E2,E$2:E$132) -> 16 | B2: Air Force | C2: =VLOOKUP(B2,'Team Data'!$A$2:$V$133,2,FALSE()) -> 10 | D2: =VLOOKUP(B2,'Team Data'!$A$2:$V$133,3,FALSE()) -> 3 | E2: =VLOOKUP(B2,'Team Data'!$A$2:$V$133,22,FALSE()) -> 62.710339 | F2: =IFERROR(E2/(C2+D2),0) -> 4.8238722
A3: =RANK(E3,E$2:E$132) -> 115 | B3: Akron | C3: =VLOOKUP(B3,'Team Data'!$A$2:$V$133,2,FALSE()) -> 2 | D3: =VLOOKUP(B3,'Team Data'!$A$2:$V$133,3,FALSE()) -> 10 | E3: =VLOOKUP(B3,'Team Data'!$A$2:$V$133,22,FALSE()) -> -25.956454 | F3: =IFERROR(E3/(C3+D3),0) -> -2.1630378
A4: =RANK(E4,E$2:E$132) -> 5 | B4: Alabama | C4: =VLOOKUP(B4,'Team Data'!$A$2:$V$133,2,FALSE()) -> 11 | D4: =VLOOKUP(B4,'Team Data'!$A$2:$V$133,3,FALSE()) -> 2 | E4: =VLOOKUP(B4,'Team Data'!$A$2:$V$133,22,FALSE()) -> 88.55731 | F4: =IFERROR(E4/(C4+D4),0) -> 6.8121008
A5: =RANK(E5,E$2:E$132) -> 45 | B5: Appalachian State | C5: =VLOOKUP(B5,'Team Data'!$A$2:$V$133,2,FALSE()) -> 6 | D5: =VLOOKUP(B5,'Team Data'!$A$2:$V$133,3,FALSE()) -> 6 | E5: =VLOOKUP(B5,'Team Data'!$A$2:$V$133,22,FALSE()) -> 36.37654 | F5: =IFERROR(E5/(C5+D5),0) -> 3.0313783
A6: =RANK(E6,E$2:E$132) -> 94 | B6: Arizona | C6: =VLOOKUP(B6,'Team Data'!$A$2:$V$133,2,FALSE()) -> 5 | D6: =VLOOKUP(B6,'Team Data'!$A$2:$V$133,3,FALSE()) -> 7 | E6: =VLOOKUP(B6,'Team Data'!$A$2:$V$133,22,FALSE()) -> -4.3946986 | F6: =IFERROR(E6/(C6+D6),0) -> -0.36622489
A7: =RANK(E7,E$2:E$132) -> 101 | B7: Arizona State | C7: =VLOOKUP(B7,'Team Data'!$A$2:$V$133,2,FALSE()) -> 3 | D7: =VLOOKUP(B7,'Team Data'!$A$2:$V$133,3,FALSE()) -> 9 | E7: =VLOOKUP(B7,'Team Data'!$A$2:$V$133,22,FALSE()) -> -10.967953 | F7: =IFERROR(E7/(C7+D7),0) -> -0.9139961
A8: =RANK(E8,E$2:E$132) -> 54 | B8: Arkansas | C8: =VLOOKUP(B8,'Team Data'!$A$2:$V$133,2,FALSE()) -> 7 | D8: =VLOOKUP(B8,'Team Data'!$A$2:$V$133,3,FALSE()) -> 6 | E8: =VLOOKUP(B8,'Team Data'!$A$2:$V$133,22,FALSE()) -> 28.561634 | F8: =IFERROR(E8/(C8+D8),0) -> 2.1970488
A9: =RANK(E9,E$2:E$132) -> 110 | B9: Arkansas State | C9: =VLOOKUP(B9,'Team Data'!$A$2:$V$133,2,FALSE()) -> 3 | D9: =VLOOKUP(B9,'Team Data'!$A$2:$V$133,3,FALSE()) -> 9 | E9: =VLOOKUP(B9,'Team Data'!$A$2:$V$133,22,FALSE()) -> -17.181004 | F9: =IFERROR(E9/(C9+D9),0) -> -1.4317503
A10: =RANK(E10,E$2:E$132) -> 70 | B10: Army | C10: =VLOOKUP(B10,'Team Data'!$A$2:$V$133,2,FALSE()) -> 6 | D10: =VLOOKUP(B10,'Team Data'!$A$2:$V$133,3,FALSE()) -> 6 | E10: =VLOOKUP(B10,'Team Data'!$A$2:$V$133,22,FALSE()) -> 17.350789 | F10: =IFERROR(E10/(C10+D10),0) -> 1.4458991
A11: =RANK(E11,E$2:E$132) -> 76 | B11: Auburn | C11: =VLOOKUP(B11,'Team Data'!$A$2:$V$133,2,FALSE()) -> 5 | D11: =VLOOKUP(B11,'Team Data'!$A$2:$V$133,3,FALSE()) -> 7 | E11: =VLOOKUP(B11,'Team Data'!$A$2:$V$133,22,FALSE()) -> 10.201416 | F11: =IFERROR(E11/(C11+D11),0) -> 0.85011804
A12: =RANK(E12,E$2:E$132) -> 66 | B12: BYU | C12: =VLOOKUP(B12,'Team Data'!$A$2:$V$133,2,FALSE()) -> 8 | D12: =VLOOKUP(B12,'Team Data'!$A$2:$V$133,3,FALSE()) -> 5 | E12: =VLOOKUP(B12,'Team Data'!$A$2:$V$133,22,FALSE()) -> 19.365085 | F12: =IFERROR(E12/(C12+D12),0) -> 1.4896219
A13: =RANK(E13,E$2:E$132) -> 85 | B13: Ball State | C13: =VLOOKUP(B13,'Team Data'!$A$2:$V$133,2,FALSE()) -> 5 | D13: =VLOOKUP(B13,'Team Data'!$A$2:$V$133,3,FALSE()) -> 7 | E13: =VLOOKUP(B13,'Team Data'!$A$2:$V$133,22,FALSE()) -> 3.0410381 | F13: =IFERROR(E13/(C13+D13),0) -> 0.25341984
... A132: =RANK(E132,E$2:E$132) -> 90 | B132: Wyoming | C132: =VLOOKUP(B132,'Team Data'!$A$2:$V$133,2,FALSE()) -> 7 | D132: =VLOOKUP(B132,'Team Data'!$A$2:$V$133,3,FALSE()) -> 6 | E132: =VLOOKUP(B132,'Team Data'!$A$2:$V$133,22,FALSE()) -> -0.13442127 | F132: =IFERROR(E132/(C132+D132),0) -> -0.010340098

Sheet MRI 2.0
A1: Rank | B1: Team | C1: Conference | D1: Power | E1: Resume | F1: Resume Rank | G1: Games
A2: 1 | B2: Georgia | C2: SEC | D2: 36.1 | E2: 9.74 | F2: 1 | G2: 15
A3: 2 | B3: Ohio State | C3: Big Ten | D3: 31.64 | E3: 6.13 | F3: 4 | G3: 13
A4: 3 | B4: Alabama | C4: SEC | D4: 29.85 | E4: 6.07 | F4: 5 | G4: 13
A5: 4 | B5: Michigan | C5: Big Ten | D5: 28.67 | E5: 6.85 | F5: 3 | G5: 14
A6: 5 | B6: Tennessee | C6: SEC | D6: 24.02 | E6: 5.8 | F6: 8 | G6: 13
A7: 6 | B7: Penn State | C7: Big Ten | D7: 23.74 | E7: 5.9 | F7: 7 | G7: 13
A8: 7 | B8: Utah | C8: Big 12 | D8: 20.43 | E8: 4.09 | F8: 19 | G8: 14
A9: 8 | B9: Texas | C9: SEC | D9: 19.67 | E9: 4.26 | F9: 18 | G9: 13
A10: 9 | B10: Kansas State | C10: Big 12 | D10: 18.31 | E10: 6.02 | F10: 6 | G10: 14
A11: 10 | B11: Clemson | C11: ACC | D11: 17.57 | E11: 4.9 | F11: 12 | G11: 14
A12: 11 | B12: TCU | C12: Big 12 | D12: 17.46 | E12: 8.52 | F12: 2 | G12: 15
A13: 12 | B13: LSU | C13: SEC | D13: 17.13 | E13: 5.62 | F13: 9 | G13: 14
... A139: 138 | B139: UMass | C139: MAC | D139: -29.74 | E139: -6.78 | F139: 228 | G139: 12
A141: Snapshot, not formulas: MRI 2.0 solves the whole season at once as a regularized least-squares system, which a spreadsheet cannot express. Power is points against an average FBS team; Resume is wins above what an average team would manage against the same schedule.

Sheet About
A1: MRI 2022
A3: 896 games, 131 FBS teams.
A5: WHAT IS LIVE
A6: Games, Team Data and MRI carry the original formulas. Correct a score on
A7: the Games sheet and the whole season re-rates, exactly as the 2003-2019
A8: workbooks did. Only columns A-L of Games are data; M onward are formulas.
A10: WHAT IS A SNAPSHOT
A11: The MRI 2.0 sheet is values, not formulas. That rating solves every game
A12: in the season at once as a regularized least-squares system, which a
A13: spreadsheet cannot express. Editing a score will not update it; rerun
A14: scripts/export_workbooks.py instead.
A16: NON-FBS OPPONENTS
... A20: Generated by github.com/bmiraski/mri_ratings

Sheet Games
A1: Team1 | B1: Team2 | C1: Pnt1 | D1: Pnt2 | E1: Rush1 | F1: Rush2 | G1: Pass1 | H1: Pass2 | I1: TO1 | J1: TO2 | K1: WT1 | L1: WT2 | M1: T1W | N1: T1L | O1: T2W | P1: T2L | Q1: T1OW | R1: T1OL | S1: T2OW | T1: T2OL | U1: T1Point | V1: T2Point
A2: Vanderbilt | B2: Hawaii | C2: 63 | D2: 10 | E2: 404 | F2: 108 | G2: 197 | H2: 250 | I2: 0 | J2: 2 | K2: 1 | L2: 0 | M2: =VLOOKUP(A2,'Team Data'!$A$1:$P$133,2,FALSE()) -> 5 | N2: =VLOOKUP(A2,'Team Data'!$A$1:$P$133,3,FALSE()) -> 7 | O2: =VLOOKUP(B2,'Team Data'!$A$1:$P$133,2,FALSE()) -> 3 | P2: =VLOOKUP(B2,'Team Data'!$A$1:$P$133,3,FALSE()) -> 10 | Q2: =VLOOKUP(A2,'Team Data'!$A$1:$P$133,4,FALSE()) -> 94 | R2: =VLOOKUP(A2,'Team Data'!$A$1:$P$133,5,FALSE()) -> 170 | S2: =VLOOKUP(B2,'Team Data'!$A$1:$P$133,4,FALSE()) -> 89 | T2: =VLOOKUP(B2,'Team Data'!$A$1:$P$133,5,FALSE()) -> 185 | U2: =IF(K2=1,(MIN(35,(C2-D2)))*(O2/(O2+P2))*(S2/(S2+T2)),(MAX(-35,(C2-D2)))*(IF(P2=0,0.1,(P2/(O2+P2))))*(T2/(S2+T2))) -> 2.6235261 | V2: =IF(L2=1,(MIN(35,(D2-C2)))*(M2/(M2+N2))*(Q2/(Q2+R2)),(MAX(-35,(D2-C2)))*(IF(N2=0,0.1,(N2/(M2+N2))))*(R2/(R2+Q2))) -> -13.147096
A3: Utah State | B3: Alabama | C3: 0 | D3: 55 | E3: 79 | F3: 278 | G3: 57 | H3: 281 | I3: 0 | J3: 1 | K3: 0 | L3: 1 | M3: =VLOOKUP(A3,'Team Data'!$A$1:$P$133,2,FALSE()) -> 6 | N3: =VLOOKUP(A3,'Team Data'!$A$1:$P$133,3,FALSE()) -> 7 | O3: =VLOOKUP(B3,'Team Data'!$A$1:$P$133,2,FALSE()) -> 11 | P3: =VLOOKUP(B3,'Team Data'!$A$1:$P$133,3,FALSE()) -> 2 | Q3: =VLOOKUP(A3,'Team Data'!$A$1:$P$133,4,FALSE()) -> 87 | R3: =VLOOKUP(A3,'Team Data'!$A$1:$P$133,5,FALSE()) -> 186 | S3: =VLOOKUP(B3,'Team Data'!$A$1:$P$133,4,FALSE()) -> 96 | T3: =VLOOKUP(B3,'Team Data'!$A$1:$P$133,5,FALSE()) -> 178 | U3: =IF(K3=1,(MIN(35,(C3-D3)))*(O3/(O3+P3))*(S3/(S3+T3)),(MAX(-35,(C3-D3)))*(IF(P3=0,0.1,(P3/(O3+P3))))*(T3/(S3+T3))) -> -3.4980348 | V3: =IF(L3=1,(MIN(35,(D3-C3)))*(M3/(M3+N3))*(Q3/(Q3+R3)),(MAX(-35,(D3-C3)))*(IF(N3=0,0.1,(N3/(M3+N3))))*(R3/(R3+Q3))) -> 5.147929
A4: Cincinnati | B4: Arkansas | C4: 24 | D4: 31 | E4: 113 | F4: 224 | G4: 325 | H4: 223 | I4: 2 | J4: 1 | K4: 0 | L4: 1 | M4: =VLOOKUP(A4,'Team Data'!$A$1:$P$133,2,FALSE()) -> 9 | N4: =VLOOKUP(A4,'Team Data'!$A$1:$P$133,3,FALSE()) -> 4 | O4: =VLOOKUP(B4,'Team Data'!$A$1:$P$133,2,FALSE()) -> 7 | P4: =VLOOKUP(B4,'Team Data'!$A$1:$P$133,3,FALSE()) -> 6 | Q4: =VLOOKUP(A4,'Team Data'!$A$1:$P$133,4,FALSE()) -> 82 | R4: =VLOOKUP(A4,'Team Data'!$A$1:$P$133,5,FALSE()) -> 191 | S4: =VLOOKUP(B4,'Team Data'!$A$1:$P$133,4,FALSE()) -> 101 | T4: =VLOOKUP(B4,'Team Data'!$A$1:$P$133,5,FALSE()) -> 174 | U4: =IF(K4=1,(MIN(35,(C4-D4)))*(O4/(O4+P4))*(S4/(S4+T4)),(MAX(-35,(C4-D4)))*(IF(P4=0,0.1,(P4/(O4+P4))))*(T4/(S4+T4))) -> -2.0441958 | V4: =IF(L4=1,(MIN(35,(D4-C4)))*(M4/(M4+N4))*(Q4/(Q4+R4)),(MAX(-35,(D4-C4)))*(IF(N4=0,0.1,(N4/(M4+N4))))*(R4/(R4+Q4))) -> 1.4556213
A5: Non D1A | B5: Auburn | C5: 16 | D5: 42 | E5: 74 | F5: 285 | G5: 197 | H5: 212 | I5: 0 | J5: 2 | K5: 0 | L5: 1 | M5: =VLOOKUP(A5,'Team Data'!$A$1:$P$133,2,FALSE()) -> 8 | N5: =VLOOKUP(A5,'Team Data'!$A$1:$P$133,3,FALSE()) -> 112 | O5: =VLOOKUP(B5,'Team Data'!$A$1:$P$133,2,FALSE()) -> 5 | P5: =VLOOKUP(B5,'Team Data'!$A$1:$P$133,3,FALSE()) -> 7 | Q5: =VLOOKUP(A5,'Team Data'!$A$1:$P$133,4,FALSE()) -> 805 | R5: =VLOOKUP(A5,'Team Data'!$A$1:$P$133,5,FALSE()) -> 725 | S5: =VLOOKUP(B5,'Team Data'!$A$1:$P$133,4,FALSE()) -> 106 | T5: =VLOOKUP(B5,'Team Data'!$A$1:$P$133,5,FALSE()) -> 159 | U5: =IF(K5=1,(MIN(35,(C5-D5)))*(O5/(O5+P5))*(S5/(S5+T5)),(MAX(-35,(C5-D5)))*(IF(P5=0,0.1,(P5/(O5+P5))))*(T5/(S5+T5))) -> -9.1 | V5: =IF(L5=1,(MIN(35,(D5-C5)))*(M5/(M5+N5))*(Q5/(Q5+R5)),(MAX(-35,(D5-C5)))*(IF(N5=0,0.1,(N5/(M5+N5))))*(R5/(R5+Q5))) -> 0.91198257
A6: Utah | B6: Florida | C6: 26 | D6: 29 | E6: 230 | F6: 283 | G6: 216 | H6: 168 | I6: 1 | J6: 1 | K6: 0 | L6: 1 | M6: =VLOOKUP(A6,'Team Data'!$A$1:$P$133,2,FALSE()) -> 10 | N6: =VLOOKUP(A6,'Team Data'!$A$1:$P$133,3,FALSE()) -> 4 | O6: =VLOOKUP(B6,'Team Data'!$A$1:$P$133,2,FALSE()) -> 6 | P6: =VLOOKUP(B6,'Team Data'!$A$1:$P$133,3,FALSE()) -> 7 | Q6: =VLOOKUP(A6,'Team Data'!$A$1:$P$133,4,FALSE()) -> 102 | R6: =VLOOKUP(A6,'Team Data'!$A$1:$P$133,5,FALSE()) -> 185 | S6: =VLOOKUP(B6,'Team Data'!$A$1:$P$133,4,FALSE()) -> 106 | T6: =VLOOKUP(B6,'Team Data'!$A$1:$P$133,5,FALSE()) -> 171 | U6: =IF(K6=1,(MIN(35,(C6-D6)))*(O6/(O6+P6))*(S6/(S6+T6)),(MAX(-35,(C6-D6)))*(IF(P6=0,0.1,(P6/(O6+P6))))*(T6/(S6+T6))) -> -0.99722299 | V6: =IF(L6=1,(MIN(35,(D6-C6)))*(M6/(M6+N6))*(Q6/(Q6+R6)),(MAX(-35,(D6-C6)))*(IF(N6=0,0.1,(N6/(M6+N6))))*(R6/(R6+Q6))) -> 0.76157292
A7: Oregon | B7: Georgia | C7: 3 | D7: 49 | E7: 140 | F7: 132 | G7: 173 | H7: 439 | I7: 2 | J7: 0 | K7: 0 | L7: 1 | M7: =VLOOKUP(A7,'Team Data'!$A$1:$P$133,2,FALSE()) -> 10 | N7: =VLOOKUP(A7,'Team Data'!$A$1:$P$133,3,FALSE()) -> 3 | O7: =VLOOKUP(B7,'Team Data'!$A$1:$P$133,2,FALSE()) -> 15 | P7: =VLOOKUP(B7,'Team Data'!$A$1:$P$133,3,FALSE()) -> 0 | Q7: =VLOOKUP(A7,'Team Data'!$A$1:$P$133,4,FALSE()) -> 100 | R7: =VLOOKUP(A7,'Team Data'!$A$1:$P$133,5,FALSE()) -> 176 | S7: =VLOOKUP(B7,'Team Data'!$A$1:$P$133,4,FALSE()) -> 119 | T7: =VLOOKUP(B7,'Team Data'!$A$1:$P$133,5,FALSE()) -> 182 | U7: =IF(K7=1,(MIN(35,(C7-D7)))*(O7/(O7+P7))*(S7/(S7+T7)),(MAX(-35,(C7-D7)))*(IF(P7=0,0.1,(P7/(O7+P7))))*(T7/(S7+T7))) -> -2.1162791 | V7: =IF(L7=1,(MIN(35,(D7-C7)))*(M7/(M7+N7))*(Q7/(Q7+R7)),(MAX(-35,(D7-C7)))*(IF(N7=0,0.1,(N7/(M7+N7))))*(R7/(R7+Q7))) -> 9.754738
A8: Miami (OH) | B8: Kentucky | C8: 13 | D8: 37 | E8: 111 | F8: 50 | G8: 179 | H8: 303 | I8: 1 | J8: 1 | K8: 0 | L8: 1 | M8: =VLOOKUP(A8,'Team Data'!$A$1:$P$133,2,FALSE()) -> 6 | N8: =VLOOKUP(A8,'Team Data'!$A$1:$P$133,3,FALSE()) -> 7 | O8: =VLOOKUP(B8,'Team Data'!$A$1:$P$133,2,FALSE()) -> 7 | P8: =VLOOKUP(B8,'Team Data'!$A$1:$P$133,3,FALSE()) -> 6 | Q8: =VLOOKUP(A8,'Team Data'!$A$1:$P$133,4,FALSE()) -> 75 | R8: =VLOOKUP(A8,'Team Data'!$A$1:$P$133,5,FALSE()) -> 196 | S8: =VLOOKUP(B8,'Team Data'!$A$1:$P$133,4,FALSE()) -> 101 | T8: =VLOOKUP(B8,'Team Data'!$A$1:$P$133,5,FALSE()) -> 175 | U8: =IF(K8=1,(MIN(35,(C8-D8)))*(O8/(O8+P8))*(S8/(S8+T8)),(MAX(-35,(C8-D8)))*(IF(P8=0,0.1,(P8/(O8+P8))))*(T8/(S8+T8))) -> -7.0234114 | V8: =IF(L8=1,(MIN(35,(D8-C8)))*(M8/(M8+N8))*(Q8/(Q8+R8)),(MAX(-35,(D8-C8)))*(IF(N8=0,0.1,(N8/(M8+N8))))*(R8/(R8+Q8))) -> 3.0655691
A9: Troy | B9: Ole Miss | C9: 10 | D9: 28 | E9: 60 | F9: 266 | G9: 286 | H9: 167 | I9: 2 | J9: 3 | K9: 0 | L9: 1 | M9: =VLOOKUP(A9,'Team Data'!$A$1:$P$133,2,FALSE()) -> 12 | N9: =VLOOKUP(A9,'Team Data'!$A$1:$P$133,3,FALSE()) -> 2 | O9: =VLOOKUP(B9,'Team Data'!$A$1:$P$133,2,FALSE()) -> 8 | P9: =VLOOKUP(B9,'Team Data'!$A$1:$P$133,3,FALSE()) -> 5 | Q9: =VLOOKUP(A9,'Team Data'!$A$1:$P$133,4,FALSE()) -> 100 | R9: =VLOOKUP(A9,'Team Data'!$A$1:$P$133,5,FALSE()) -> 186 | S9: =VLOOKUP(B9,'Team Data'!$A$1:$P$133,4,FALSE()) -> 97 | T9: =VLOOKUP(B9,'Team Data'!$A$1:$P$133,5,FALSE()) -> 176 | U9: =IF(K9=1,(MIN(35,(C9-D9)))*(O9/(O9+P9))*(S9/(S9+T9)),(MAX(-35,(C9-D9)))*(IF(P9=0,0.1,(P9/(O9+P9))))*(T9/(S9+T9))) -> -4.4632291 | V9: =IF(L9=1,(MIN(35,(D9-C9)))*(M9/(M9+N9))*(Q9/(Q9+R9)),(MAX(-35,(D9-C9)))*(IF(N9=0,0.1,(N9/(M9+N9))))*(R9/(R9+Q9))) -> 5.3946054
A10: Memphis | B10: Mississippi State | C10: 23 | D10: 49 | E10: 129 | F10: 97 | G10: 165 | H10: 450 | I10: 1 | J10: 2 | K10: 0 | L10: 1 | M10: =VLOOKUP(A10,'Team Data'!$A$1:$P$133,2,FALSE()) -> 7 | N10: =VLOOKUP(A10,'Team Data'!$A$1:$P$133,3,FALSE()) -> 6 | O10: =VLOOKUP(B10,'Team Data'!$A$1:$P$133,2,FALSE()) -> 9 | P10: =VLOOKUP(B10,'Team Data'!$A$1:$P$133,3,FALSE()) -> 4 | Q10: =VLOOKUP(A10,'Team Data'!$A$1:$P$133,4,FALSE()) -> 89 | R10: =VLOOKUP(A10,'Team Data'!$A$1:$P$133,5,FALSE()) -> 186 | S10: =VLOOKUP(B10,'Team Data'!$A$1:$P$133,4,FALSE()) -> 102 | T10: =VLOOKUP(B10,'Team Data'!$A$1:$P$133,5,FALSE()) -> 174 | U10: =IF(K10=1,(MIN(35,(C10-D10)))*(O10/(O10+P10))*(S10/(S10+T10)),(MAX(-35,(C10-D10)))*(IF(P10=0,0.1,(P10/(O10+P10))))*(T10/(S10+T10))) -> -5.0434783 | V10: =IF(L10=1,(MIN(35,(D10-C10)))*(M10/(M10+N10))*(Q10/(Q10+R10)),(MAX(-35,(D10-C10)))*(IF(N10=0,0.1,(N10/(M10+N10))))*(R10/(R10+Q10))) -> 4.5309091
A11: Georgia State | B11: South Carolina | C11: 14 | D11: 35 | E11: 200 | F11: 79 | G11: 111 | H11: 227 | I11: 1 | J11: 2 | K11: 0 | L11: 1 | M11: =VLOOKUP(A11,'Team Data'!$A$1:$P$133,2,FALSE()) -> 4 | N11: =VLOOKUP(A11,'Team Data'!$A$1:$P$133,3,FALSE()) -> 8 | O11: =VLOOKUP(B11,'Team Data'!$A$1:$P$133,2,FALSE()) -> 8 | P11: =VLOOKUP(B11,'Team Data'!$A$1:$P$133,3,FALSE()) -> 5 | Q11: =VLOOKUP(A11,'Team Data'!$A$1:$P$133,4,FALSE()) -> 78 | R11: =VLOOKUP(A11,'Team Data'!$A$1:$P$133,5,FALSE()) -> 72 | S11: =VLOOKUP(B11,'Team Data'!$A$1:$P$133,4,FALSE()) -> 97 | T11: =VLOOKUP(B11,'Team Data'!$A$1:$P$133,5,FALSE()) -> 178 | U11: =IF(K11=1,(MIN(35,(C11-D11)))*(O11/(O11+P11))*(S11/(S11+T11)),(MAX(-35,(C11-D11)))*(IF(P11=0,0.1,(P11/(O11+P11))))*(T11/(S11+T11))) -> -5.227972 | V11: =IF(L11=1,(MIN(35,(D11-C11)))*(M11/(M11+N11))*(Q11/(Q11+R11)),(MAX(-35,(D11-C11)))*(IF(N11=0,0.1,(N11/(M11+N11))))*(R11/(R11+Q11))) -> 3.64
A12: Ball State | B12: Tennessee | C12: 10 | D12: 59 | E12: 74 | F12: 218 | G12: 269 | H12: 351 | I12: 3 | J12: 1 | K12: 0 | L12: 1 | M12: =VLOOKUP(A12,'Team Data'!$A$1:$P$133,2,FALSE()) -> 5 | N12: =VLOOKUP(A12,'Team Data'!$A$1:$P$133,3,FALSE()) -> 7 | O12: =VLOOKUP(B12,'Team Data'!$A$1:$P$133,2,FALSE()) -> 11 | P12: =VLOOKUP(B12,'Team Data'!$A$1:$P$133,3,FALSE()) -> 2 | Q12: =VLOOKUP(A12,'Team Data'!$A$1:$P$133,4,FALSE()) -> 82 | R12: =VLOOKUP(A12,'Team Data'!$A$1:$P$133,5,FALSE()) -> 179 | S12: =VLOOKUP(B12,'Team Data'!$A$1:$P$133,4,FALSE()) -> 103 | T12: =VLOOKUP(B12,'Team Data'!$A$1:$P$133,5,FALSE()) -> 174 | U12: =IF(K12=1,(MIN(35,(C12-D12)))*(O12/(O12+P12))*(S12/(S12+T12)),(MAX(-35,(C12-D12)))*(IF(P12=0,0.1,(P12/(O12+P12))))*(T12/(S12+T12))) -> -3.3823938 | V12: =IF(L12=1,(MIN(35,(D12-C12)))*(M12/(M12+N12))*(Q12/(Q12+R12)),(MAX(-35,(D12-C12)))*(IF(N12=0,0.1,(N12/(M12+N12))))*(R12/(R12+Q12))) -> 4.5817369
A13: Non D1A | B13: Texas A&M | C13: 0 | D13: 31 | E13: 107 | F13: 110 | G13: 91 | H13: 387 | I13: 2 | J13: 2 | K13: 0 | L13: 1 | M13: =VLOOKUP(A13,'Team Data'!$A$1:$P$133,2,FALSE()) -> 8 | N13: =VLOOKUP(A13,'Team Data'!$A$1:$P$133,3,FALSE()) -> 112 | O13: =VLOOKUP(B13,'Team Data'!$A$1:$P$133,2,FALSE()) -> 5 | P13: =VLOOKUP(B13,'Team Data'!$A$1:$P$133,3,FALSE()) -> 7 | Q13: =VLOOKUP(A13,'Team Data'!$A$1:$P$133,4,FALSE()) -> 805 | R13: =VLOOKUP(A13,'Team Data'!$A$1:$P$133,5,FALSE()) -> 725 | S13: =VLOOKUP(B13,'Team Data'!$A$1:$P$133,4,FALSE()) -> 84 | T13: =VLOOKUP(B13,'Team Data'!$A$1:$P$133,5,FALSE()) -> 176 | U13: =IF(K13=1,(MIN(35,(C13-D13)))*(O13/(O13+P13))*(S13/(S13+T13)),(MAX(-35,(C13-D13)))*(IF(P13=0,0.1,(P13/(O13+P13))))*(T13/(S13+T13))) -> -12.241026 | V13: =IF(L13=1,(MIN(35,(D13-C13)))*(M13/(M13+N13))*(Q13/(Q13+R13)),(MAX(-35,(D13-C13)))*(IF(N13=0,0.1,(N13/(M13+N13))))*(R13/(R13+Q13))) -> 1.0873638
... A897: Navy | B897: Army | C897: 17 | D897: 20 | E897: 259 | F897: 125 | G897: 25 | H897: 28 | I897: 1 | J897: 0 | K897: 0 | L897: 1 | M897: =VLOOKUP(A897,'Team Data'!$A$1:$P$133,2,FALSE()) -> 4 | N897: =VLOOKUP(A897,'Team Data'!$A$1:$P$133,3,FALSE()) -> 8 | O897: =VLOOKUP(B897,'Team Data'!$A$1:$P$133,2,FALSE()) -> 6 | P897: =VLOOKUP(B897,'Team Data'!$A$1:$P$133,3,FALSE()) -> 6 | Q897: =VLOOKUP(A897,'Team Data'!$A$1:$P$133,4,FALSE()) -> 89 | R897: =VLOOKUP(A897,'Team Data'!$A$1:$P$133,5,FALSE()) -> 172 | S897: =VLOOKUP(B897,'Team Data'!$A$1:$P$133,4,FALSE()) -> 85 | T897: =VLOOKUP(B897,'Team Data'!$A$1:$P$133,5,FALSE()) -> 283 | U897: =IF(K897=1,(MIN(35,(C897-D897)))*(O897/(O897+P897))*(S897/(S897+T897)),(MAX(-35,(C897-D897)))*(IF(P897=0,0.1,(P897/(O897+P897))))*(T897/(S897+T897))) -> -1.1535326 | V897: =IF(L897=1,(MIN(35,(D897-C897)))*(M897/(M897+N897))*(Q897/(Q897+R897)),(MAX(-35,(D897-C897)))*(IF(N897=0,0.1,(N897/(M897+N897))))*(R897/(R897+Q897))) -> 0.34099617

Sheet Team Data
A1: Team | B1: W | C1: L | D1: Opp W | E1: Opp L | F1: O2 W | G1: O2 L | H1: Pnts | I1: Rush | J1: RPG | K1: Orush | L1: Pass | M1: PPG | N1: Opass | O1: TO's | P1: O TO's | R1: Def/G | S1: TO Diff | T1: SOS | U1: SOS Rank | V1: MRI
A2: Air Force | B2: =SUMIF(Games!$A$2:$A$897,$A2,Games!$K$2:$K$897)+SUMIF(Games!$B$2:$B$897,$A2,Games!$L$2:$L$897) -> 10 | C2: =SUMIF(Games!$A$2:$A$897,$A2,Games!$L$2:$L$897)+SUMIF(Games!$B$2:$B$897,$A2,Games!$K$2:$K$897) -> 3 | D2: =SUMIF(Games!$A$2:$A$897,$A2,Games!$O$2:$O$897)+SUMIF(Games!$B$2:$B$897,$A2,Games!$M$2:$M$897) -> 67 | E2: =SUMIF(Games!$A$2:$A$897,$A2,Games!$P$2:$P$897)+SUMIF(Games!$B$2:$B$897,$A2,Games!$N$2:$N$897) -> 203 | F2: =SUMIF(Games!$A$2:$A$897,$A2,Games!$S$2:$S$897)+SUMIF(Games!$B$2:$B$897,$A2,Games!$Q$2:$Q$897) -> 1870 | G2: =SUMIF(Games!$A$2:$A$897,$A2,Games!$T$2:$T$897)+SUMIF(Games!$B$2:$B$897,$A2,Games!$R$2:$R$897) -> 2880 | H2: =SUMIF(Games!$A$2:$A$897,$A2,Games!$U$2:$U$897)+SUMIF(Games!$B$2:$B$897,$A2,Games!$V$2:$V$897) -> 11.9596 | I2: =SUMIF(Games!$A$2:$A$897,$A2,Games!$E$2:$E$897)+SUMIF(Games!$B$2:$B$897,$A2,Games!$F$2:$F$897) -> 4254 | J2: =IFERROR(I2/(B2+C2),0) -> 327.23077 | K2: =SUMIF(Games!$A$2:$A$897,$A2,Games!$F$2:$F$897)+SUMIF(Games!$B$2:$B$897,$A2,Games!$E$2:$E$897) -> 1239 | L2: =SUMIF(Games!$A$2:$A$897,$A2,Games!$G$2:$G$897)+SUMIF(Games!$B$2:$B$897,$A2,Games!$H$2:$H$897) -> 916 | M2: =IFERROR(L2/(B2+C2),0) -> 70.461538 | N2: =SUMIF(Games!$A$2:$A$897,$A2,Games!$H$2:$H$897)+SUMIF(Games!$B$2:$B$897,$A2,Games!$G$2:$G$897) -> 2048 | O2: =SUMIF(Games!$A$2:$A$897,$A2,Games!$I$2:$I$897)+SUMIF(Games!$B$2:$B$897,$A2,Games!$J$2:$J$897) -> 13 | P2: =SUMIF(Games!$A$2:$A$897,$A2,Games!$J$2:$J$897)+SUMIF(Games!$B$2:$B$897,$A2,Games!$I$2:$I$897) -> 16 | R2: =IFERROR((K2+N2)/(B2+C2),0) -> 252.84615 | S2: =P2-O2 -> 3 | T2: =IFERROR((D2/(D2+E2))*(F2/(F2+G2)),0) -> 0.097692008 | U2: =RANK(T2,T$2:T$132) -> 129 | V2: =IFERROR((B2/(B2+C2))*25,0)+IFERROR((D2/(D2+E2))*25,0)+IFERROR((F2/(F2+G2))*10,0)+H2+((J2-RMEAN)/RDEV)*5+((M2-PMEAN)/PDEV)*5+((DMEAN-R2)/DDEV)*7+((S2-TOMEAN)/TODEV)*3 -> 62.710339
A3: Akron | B3: =SUMIF(Games!$A$2:$A$897,$A3,Games!$K$2:$K$897)+SUMIF(Games!$B$2:$B$897,$A3,Games!$L$2:$L$897) -> 2 | C3: =SUMIF(Games!$A$2:$A$897,$A3,Games!$L$2:$L$897)+SUMIF(Games!$B$2:$B$897,$A3,Games!$K$2:$K$897) -> 10 | D3: =SUMIF(Games!$A$2:$A$897,$A3,Games!$O$2:$O$897)+SUMIF(Games!$B$2:$B$897,$A3,Games!$M$2:$M$897) -> 82 | E3: =SUMIF(Games!$A$2:$A$897,$A3,Games!$P$2:$P$897)+SUMIF(Games!$B$2:$B$897,$A3,Games!$N$2:$N$897) -> 178 | F3: =SUMIF(Games!$A$2:$A$897,$A3,Games!$S$2:$S$897)+SUMIF(Games!$B$2:$B$897,$A3,Games!$Q$2:$Q$897) -> 1724 | G3: =SUMIF(Games!$A$2:$A$897,$A3,Games!$T$2:$T$897)+SUMIF(Games!$B$2:$B$897,$A3,Games!$R$2:$R$897) -> 2662 | H3: =SUMIF(Games!$A$2:$A$897,$A3,Games!$U$2:$U$897)+SUMIF(Games!$B$2:$B$897,$A3,Games!$V$2:$V$897) -> -30.829623 | I3: =SUMIF(Games!$A$2:$A$897,$A3,Games!$E$2:$E$897)+SUMIF(Games!$B$2:$B$897,$A3,Games!$F$2:$F$897) -> 1026 | J3: =IFERROR(I3/(B3+C3),0) -> 85.5 | K3: =SUMIF(Games!$A$2:$A$897,$A3,Games!$F$2:$F$897)+SUMIF(Games!$B$2:$B$897,$A3,Games!$E$2:$E$897) -> 1922 | L3: =SUMIF(Games!$A$2:$A$897,$A3,Games!$G$2:$G$897)+SUMIF(Games!$B$2:$B$897,$A3,Games!$H$2:$H$897) -> 3124 | M3: =IFERROR(L3/(B3+C3),0) -> 260.33333 | N3: =SUMIF(Games!$A$2:$A$897,$A3,Games!$H$2:$H$897)+SUMIF(Games!$B$2:$B$897,$A3,Games!$G$2:$G$897) -> 2644 | O3: =SUMIF(Games!$A$2:$A$897,$A3,Games!$I$2:$I$897)+SUMIF(Games!$B$2:$B$897,$A3,Games!$J$2:$J$897) -> 22 | P3: =SUMIF(Games!$A$2:$A$897,$A3,Games!$J$2:$J$897)+SUMIF(Games!$B$2:$B$897,$A3,Games!$I$2:$I$897) -> 10 | R3: =IFERROR((K3+N3)/(B3+C3),0) -> 380.5 | S3: =P3-O3 -> -12 | T3: =IFERROR((D3/(D3+E3))*(F3/(F3+G3)),0) -> 0.12396787 | U3: =RANK(T3,T$2:T$132) -> 89 | V3: =IFERROR((B3/(B3+C3))*25,0)+IFERROR((D3/(D3+E3))*25,0)+IFERROR((F3/(F3+G3))*10,0)+H3+((J3-RMEAN)/RDEV)*5+((M3-PMEAN)/PDEV)*5+((DMEAN-R3)/DDEV)*7+((S3-TOMEAN)/TODEV)*3 -> -25.956454
A4: Alabama | B4: =SUMIF(Games!$A$2:$A$897,$A4,Games!$K$2:$K$897)+SUMIF(Games!$B$2:$B$897,$A4,Games!$L$2:$L$897) -> 11 | C4: =SUMIF(Games!$A$2:$A$897,$A4,Games!$L$2:$L$897)+SUMIF(Games!$B$2:$B$897,$A4,Games!$K$2:$K$897) -> 2 | D4: =SUMIF(Games!$A$2:$A$897,$A4,Games!$O$2:$O$897)+SUMIF(Games!$B$2:$B$897,$A4,Games!$M$2:$M$897) -> 96 | E4: =SUMIF(Games!$A$2:$A$897,$A4,Games!$P$2:$P$897)+SUMIF(Games!$B$2:$B$897,$A4,Games!$N$2:$N$897) -> 178 | F4: =SUMIF(Games!$A$2:$A$897,$A4,Games!$S$2:$S$897)+SUMIF(Games!$B$2:$B$897,$A4,Games!$Q$2:$Q$897) -> 1994 | G4: =SUMIF(Games!$A$2:$A$897,$A4,Games!$T$2:$T$897)+SUMIF(Games!$B$2:$B$897,$A4,Games!$R$2:$R$897) -> 2710 | H4: =SUMIF(Games!$A$2:$A$897,$A4,Games!$U$2:$U$897)+SUMIF(Games!$B$2:$B$897,$A4,Games!$V$2:$V$897) -> 38.50263 | I4: =SUMIF(Games!$A$2:$A$897,$A4,Games!$E$2:$E$897)+SUMIF(Games!$B$2:$B$897,$A4,Games!$F$2:$F$897) -> 2544 | J4: =IFERROR(I4/(B4+C4),0) -> 195.69231 | K4: =SUMIF(Games!$A$2:$A$897,$A4,Games!$F$2:$F$897)+SUMIF(Games!$B$2:$B$897,$A4,Games!$E$2:$E$897) -> 1695 | L4: =SUMIF(Games!$A$2:$A$897,$A4,Games!$G$2:$G$897)+SUMIF(Games!$B$2:$B$897,$A4,Games!$H$2:$H$897) -> 3660 | M4: =IFERROR(L4/(B4+C4),0) -> 281.53846 | N4: =SUMIF(Games!$A$2:$A$897,$A4,Games!$H$2:$H$897)+SUMIF(Games!$B$2:$B$897,$A4,Games!$G$2:$G$897) -> 2442 | O4: =SUMIF(Games!$A$2:$A$897,$A4,Games!$I$2:$I$897)+SUMIF(Games!$B$2:$B$897,$A4,Games!$J$2:$J$897) -> 16 | P4: =SUMIF(Games!$A$2:$A$897,$A4,Games!$J$2:$J$897)+SUMIF(Games!$B$2:$B$897,$A4,Games!$I$2:$I$897) -> 14 | R4: =IFERROR((K4+N4)/(B4+C4),0) -> 318.23077 | S4: =P4-O4 -> -2 | T4: =IFERROR((D4/(D4+E4))*(F4/(F4+G4)),0) -> 0.1485178 | U4: =RANK(T4,T$2:T$132) -> 39 | V4: =IFERROR((B4/(B4+C4))*25,0)+IFERROR((D4/(D4+E4))*25,0)+IFERROR((F4/(F4+G4))*10,0)+H4+((J4-RMEAN)/RDEV)*5+((M4-PMEAN)/PDEV)*5+((DMEAN-R4)/DDEV)*7+((S4-TOMEAN)/TODEV)*3 -> 88.55731
A5: Appalachian State | B5: =SUMIF(Games!$A$2:$A$897,$A5,Games!$K$2:$K$897)+SUMIF(Games!$B$2:$B$897,$A5,Games!$L$2:$L$897) -> 6 | C5: =SUMIF(Games!$A$2:$A$897,$A5,Games!$L$2:$L$897)+SUMIF(Games!$B$2:$B$897,$A5,Games!$K$2:$K$897) -> 6 | D5: =SUMIF(Games!$A$2:$A$897,$A5,Games!$O$2:$O$897)+SUMIF(Games!$B$2:$B$897,$A5,Games!$M$2:$M$897) -> 85 | E5: =SUMIF(Games!$A$2:$A$897,$A5,Games!$P$2:$P$897)+SUMIF(Games!$B$2:$B$897,$A5,Games!$N$2:$N$897) -> 281 | F5: =SUMIF(Games!$A$2:$A$897,$A5,Games!$S$2:$S$897)+SUMIF(Games!$B$2:$B$897,$A5,Games!$Q$2:$Q$897) -> 2456 | G5: =SUMIF(Games!$A$2:$A$897,$A5,Games!$T$2:$T$897)+SUMIF(Games!$B$2:$B$897,$A5,Games!$R$2:$R$897) -> 3147 | H5: =SUMIF(Games!$A$2:$A$897,$A5,Games!$U$2:$U$897)+SUMIF(Games!$B$2:$B$897,$A5,Games!$V$2:$V$897) -> -0.96967289 | I5: =SUMIF(Games!$A$2:$A$897,$A5,Games!$E$2:$E$897)+SUMIF(Games!$B$2:$B$897,$A5,Games!$F$2:$F$897) -> 2459 | J5: =IFERROR(I5/(B5+C5),0) -> 204.91667 | K5: =SUMIF(Games!$A$2:$A$897,$A5,Games!$F$2:$F$897)+SUMIF(Games!$B$2:$B$897,$A5,Games!$E$2:$E$897) -> 1554 | L5: =SUMIF(Games!$A$2:$A$897,$A5,Games!$G$2:$G$897)+SUMIF(Games!$B$2:$B$897,$A5,Games!$H$2:$H$897) -> 3005 | M5: =IFERROR(L5/(B5+C5),0) -> 250.41667 | N5: =SUMIF(Games!$A$2:$A$897,$A5,Games!$H$2:$H$897)+SUMIF(Games!$B$2:$B$897,$A5,Games!$G$2:$G$897) -> 2627 | O5: =SUMIF(Games!$A$2:$A$897,$A5,Games!$I$2:$I$897)+SUMIF(Games!$B$2:$B$897,$A5,Games!$J$2:$J$897) -> 11 | P5: =SUMIF(Games!$A$2:$A$897,$A5,Games!$J$2:$J$897)+SUMIF(Games!$B$2:$B$897,$A5,Games!$I$2:$I$897) -> 20 | R5: =IFERROR((K5+N5)/(B5+C5),0) -> 348.41667 | S5: =P5-O5 -> 9 | T5: =IFERROR((D5/(D5+E5))*(F5/(F5+G5)),0) -> 0.10179948 | U5: =RANK(T5,T$2:T$132) -> 127 | V5: =IFERROR((B5/(B5+C5))*25,0)+IFERROR((D5/(D5+E5))*25,0)+IFERROR((F5/(F5+G5))*10,0)+H5+((J5-RMEAN)/RDEV)*5+((M5-PMEAN)/PDEV)*5+((DMEAN-R5)/DDEV)*7+((S5-TOMEAN)/TODEV)*3 -> 36.37654
A6: Arizona | B6: =SUMIF(Games!$A$2:$A$897,$A6,Games!$K$2:$K$897)+SUMIF(Games!$B$2:$B$897,$A6,Games!$L$2:$L$897) -> 5 | C6: =SUMIF(Games!$A$2:$A$897,$A6,Games!$L$2:$L$897)+SUMIF(Games!$B$2:$B$897,$A6,Games!$K$2:$K$897) -> 7 | D6: =SUMIF(Games!$A$2:$A$897,$A6,Games!$O$2:$O$897)+SUMIF(Games!$B$2:$B$897,$A6,Games!$M$2:$M$897) -> 90 | E6: =SUMIF(Games!$A$2:$A$897,$A6,Games!$P$2:$P$897)+SUMIF(Games!$B$2:$B$897,$A6,Games!$N$2:$N$897) -> 172 | F6: =SUMIF(Games!$A$2:$A$897,$A6,Games!$S$2:$S$897)+SUMIF(Games!$B$2:$B$897,$A6,Games!$Q$2:$Q$897) -> 1845 | G6: =SUMIF(Games!$A$2:$A$897,$A6,Games!$T$2:$T$897)+SUMIF(Games!$B$2:$B$897,$A6,Games!$R$2:$R$897) -> 2475 | H6: =SUMIF(Games!$A$2:$A$897,$A6,Games!$U$2:$U$897)+SUMIF(Games!$B$2:$B$897,$A6,Games!$V$2:$V$897) -> -19.76357 | I6: =SUMIF(Games!$A$2:$A$897,$A6,Games!$E$2:$E$897)+SUMIF(Games!$B$2:$B$897,$A6,Games!$F$2:$F$897) -> 1728 | J6: =IFERROR(I6/(B6+C6),0) -> 144 | K6: =SUMIF(Games!$A$2:$A$897,$A6,Games!$F$2:$F$897)+SUMIF(Games!$B$2:$B$897,$A6,Games!$E$2:$E$897) -> 2510 | L6: =SUMIF(Games!$A$2:$A$897,$A6,Games!$G$2:$G$897)+SUMIF(Games!$B$2:$B$897,$A6,Games!$H$2:$H$897) -> 3821 | M6: =IFERROR(L6/(B6+C6),0) -> 318.41667 | N6: =SUMIF(Games!$A$2:$A$897,$A6,Games!$H$2:$H$897)+SUMIF(Games!$B$2:$B$897,$A6,Games!$G$2:$G$897) -> 3103 | O6: =SUMIF(Games!$A$2:$A$897,$A6,Games!$I$2:$I$897)+SUMIF(Games!$B$2:$B$897,$A6,Games!$J$2:$J$897) -> 21 | P6: =SUMIF(Games!$A$2:$A$897,$A6,Games!$J$2:$J$897)+SUMIF(Games!$B$2:$B$897,$A6,Games!$I$2:$I$897) -> 16 | R6: =IFERROR((K6+N6)/(B6+C6),0) -> 467.75 | S6: =P6-O6 -> -5 | T6: =IFERROR((D6/(D6+E6))*(F6/(F6+G6)),0) -> 0.14670802 | U6: =RANK(T6,T$2:T$132) -> 43 | V6: =IFERROR((B6/(B6+C6))*25,0)+IFERROR((D6/(D6+E6))*25,0)+IFERROR((F6/(F6+G6))*10,0)+H6+((J6-RMEAN)/RDEV)*5+((M6-PMEAN)/PDEV)*5+((DMEAN-R6)/DDEV)*7+((S6-TOMEAN)/TODEV)*3 -> -4.3946986
A7: Arizona State | B7: =SUMIF(Games!$A$2:$A$897,$A7,Games!$K$2:$K$897)+SUMIF(Games!$B$2:$B$897,$A7,Games!$L$2:$L$897) -> 3 | C7: =SUMIF(Games!$A$2:$A$897,$A7,Games!$L$2:$L$897)+SUMIF(Games!$B$2:$B$897,$A7,Games!$K$2:$K$897) -> 9 | D7: =SUMIF(Games!$A$2:$A$897,$A7,Games!$O$2:$O$897)+SUMIF(Games!$B$2:$B$897,$A7,Games!$M$2:$M$897) -> 91 | E7: =SUMIF(Games!$A$2:$A$897,$A7,Games!$P$2:$P$897)+SUMIF(Games!$B$2:$B$897,$A7,Games!$N$2:$N$897) -> 171 | F7: =SUMIF(Games!$A$2:$A$897,$A7,Games!$S$2:$S$897)+SUMIF(Games!$B$2:$B$897,$A7,Games!$Q$2:$Q$897) -> 1811 | G7: =SUMIF(Games!$A$2:$A$897,$A7,Games!$T$2:$T$897)+SUMIF(Games!$B$2:$B$897,$A7,Games!$R$2:$R$897) -> 2504 | H7: =SUMIF(Games!$A$2:$A$897,$A7,Games!$U$2:$U$897)+SUMIF(Games!$B$2:$B$897,$A7,Games!$V$2:$V$897) -> -20.732863 | I7: =SUMIF(Games!$A$2:$A$897,$A7,Games!$E$2:$E$897)+SUMIF(Games!$B$2:$B$897,$A7,Games!$F$2:$F$897) -> 1623 | J7: =IFERROR(I7/(B7+C7),0) -> 135.25 | K7: =SUMIF(Games!$A$2:$A$897,$A7,Games!$F$2:$F$897)+SUMIF(Games!$B$2:$B$897,$A7,Games!$E$2:$E$897) -> 2257 | L7: =SUMIF(Games!$A$2:$A$897,$A7,Games!$G$2:$G$897)+SUMIF(Games!$B$2:$B$897,$A7,Games!$H$2:$H$897) -> 3023 | M7: =IFERROR(L7/(B7+C7),0) -> 251.91667 | N7: =SUMIF(Games!$A$2:$A$897,$A7,Games!$H$2:$H$897)+SUMIF(Games!$B$2:$B$897,$A7,Games!$G$2:$G$897) -> 2801 | O7: =SUMIF(Games!$A$2:$A$897,$A7,Games!$I$2:$I$897)+SUMIF(Games!$B$2:$B$897,$A7,Games!$J$2:$J$897) -> 18 | P7: =SUMIF(Games!$A$2:$A$897,$A7,Games!$J$2:$J$897)+SUMIF(Games!$B$2:$B$897,$A7,Games!$I$2:$I$897) -> 12 | R7: =IFERROR((K7+N7)/(B7+C7),0) -> 421.5 | S7: =P7-O7 -> -6 | T7: =IFERROR((D7/(D7+E7))*(F7/(F7+G7)),0) -> 0.14577322 | U7: =RANK(T7,T$2:T$132) -> 49 | V7: =IFERROR((B7/(B7+C7))*25,0)+IFERROR((D7/(D7+E7))*25,0)+IFERROR((F7/(F7+G7))*10,0)+H7+((J7-RMEAN)/RDEV)*5+((M7-PMEAN)/PDEV)*5+((DMEAN-R7)/DDEV)*7+((S7-TOMEAN)/TODEV)*3 -> -10.967953
A8: Arkansas | B8: =SUMIF(Games!$A$2:$A$897,$A8,Games!$K$2:$K$897)+SUMIF(Games!$B$2:$B$897,$A8,Games!$L$2:$L$897) -> 7 | C8: =SUMIF(Games!$A$2:$A$897,$A8,Games!$L$2:$L$897)+SUMIF(Games!$B$2:$B$897,$A8,Games!$K$2:$K$897) -> 6 | D8: =SUMIF(Games!$A$2:$A$897,$A8,Games!$O$2:$O$897)+SUMIF(Games!$B$2:$B$897,$A8,Games!$M$2:$M$897) -> 101 | E8: =SUMIF(Games!$A$2:$A$897,$A8,Games!$P$2:$P$897)+SUMIF(Games!$B$2:$B$897,$A8,Games!$N$2:$N$897) -> 174 | F8: =SUMIF(Games!$A$2:$A$897,$A8,Games!$S$2:$S$897)+SUMIF(Games!$B$2:$B$897,$A8,Games!$Q$2:$Q$897) -> 1946 | G8: =SUMIF(Games!$A$2:$A$897,$A8,Games!$T$2:$T$897)+SUMIF(Games!$B$2:$B$897,$A8,Games!$R$2:$R$897) -> 2869 | H8: =SUMIF(Games!$A$2:$A$897,$A8,Games!$U$2:$U$897)+SUMIF(Games!$B$2:$B$897,$A8,Games!$V$2:$V$897) -> 4.9311705 | I8: =SUMIF(Games!$A$2:$A$897,$A8,Games!$E$2:$E$897)+SUMIF(Games!$B$2:$B$897,$A8,Games!$F$2:$F$897) -> 3085 | J8: =IFERROR(I8/(B8+C8),0) -> 237.30769 | K8: =SUMIF(Games!$A$2:$A$897,$A8,Games!$F$2:$F$897)+SUMIF(Games!$B$2:$B$897,$A8,Games!$E$2:$E$897) -> 2222 | L8: =SUMIF(Games!$A$2:$A$897,$A8,Games!$G$2:$G$897)+SUMIF(Games!$B$2:$B$897,$A8,Games!$H$2:$H$897) -> 3041 | M8: =IFERROR(L8/(B8+C8),0) -> 233.92308 | N8: =SUMIF(Games!$A$2:$A$897,$A8,Games!$H$2:$H$897)+SUMIF(Games!$B$2:$B$897,$A8,Games!$G$2:$G$897) -> 3819 | O8: =SUMIF(Games!$A$2:$A$897,$A8,Games!$I$2:$I$897)+SUMIF(Games!$B$2:$B$897,$A8,Games!$J$2:$J$897) -> 18 | P8: =SUMIF(Games!$A$2:$A$897,$A8,Games!$J$2:$J$897)+SUMIF(Games!$B$2:$B$897,$A8,Games!$I$2:$I$897) -> 18 | R8: =IFERROR((K8+N8)/(B8+C8),0) -> 464.69231 | S8: =P8-O8 -> 0 | T8: =IFERROR((D8/(D8+E8))*(F8/(F8+G8)),0) -> 0.14843463 | U8: =RANK(T8,T$2:T$132) -> 40 | V8: =IFERROR((B8/(B8+C8))*25,0)+IFERROR((D8/(D8+E8))*25,0)+IFERROR((F8/(F8+G8))*10,0)+H8+((J8-RMEAN)/RDEV)*5+((M8-PMEAN)/PDEV)*5+((DMEAN-R8)/DDEV)*7+((S8-TOMEAN)/TODEV)*3 -> 28.561634
A9: Arkansas State | B9: =SUMIF(Games!$A$2:$A$897,$A9,Games!$K$2:$K$897)+SUMIF(Games!$B$2:$B$897,$A9,Games!$L$2:$L$897) -> 3 | C9: =SUMIF(Games!$A$2:$A$897,$A9,Games!$L$2:$L$897)+SUMIF(Games!$B$2:$B$897,$A9,Games!$K$2:$K$897) -> 9 | D9: =SUMIF(Games!$A$2:$A$897,$A9,Games!$O$2:$O$897)+SUMIF(Games!$B$2:$B$897,$A9,Games!$M$2:$M$897) -> 81 | E9: =SUMIF(Games!$A$2:$A$897,$A9,Games!$P$2:$P$897)+SUMIF(Games!$B$2:$B$897,$A9,Games!$N$2:$N$897) -> 177 | F9: =SUMIF(Games!$A$2:$A$897,$A9,Games!$S$2:$S$897)+SUMIF(Games!$B$2:$B$897,$A9,Games!$Q$2:$Q$897) -> 1746 | G9: =SUMIF(Games!$A$2:$A$897,$A9,Games!$T$2:$T$897)+SUMIF(Games!$B$2:$B$897,$A9,Games!$R$2:$R$897) -> 2501 | H9: =SUMIF(Games!$A$2:$A$897,$A9,Games!$U$2:$U$897)+SUMIF(Games!$B$2:$B$897,$A9,Games!$V$2:$V$897) -> -24.147269 | I9: =SUMIF(Games!$A$2:$A$897,$A9,Games!$E$2:$E$897)+SUMIF(Games!$B$2:$B$897,$A9,Games!$F$2:$F$897) -> 1058 | J9: =IFERROR(I9/(B9+C9),0) -> 88.166667 | K9: =SUMIF(Games!$A$2:$A$897,$A9,Games!$F$2:$F$897)+SUMIF(Games!$B$2:$B$897,$A9,Games!$E$2:$E$897) -> 1949 | L9: =SUMIF(Games!$A$2:$A$897,$A9,Games!$G$2:$G$897)+SUMIF(Games!$B$2:$B$897,$A9,Games!$H$2:$H$897) -> 2721 | M9: =IFERROR(L9/(B9+C9),0) -> 226.75 | N9: =SUMIF(Games!$A$2:$A$897,$A9,Games!$H$2:$H$897)+SUMIF(Games!$B$2:$B$897,$A9,Games!$G$2:$G$897) -> 2912 | O9: =SUMIF(Games!$A$2:$A$897,$A9,Games!$I$2:$I$897)+SUMIF(Games!$B$2:$B$897,$A9,Games!$J$2:$J$897) -> 9 | P9: =SUMIF(Games!$A$2:$A$897,$A9,Games!$J$2:$J$897)+SUMIF(Games!$B$2:$B$897,$A9,Games!$I$2:$I$897) -> 11 | R9: =IFERROR((K9+N9)/(B9+C9),0) -> 405.08333 | S9: =P9-O9 -> 2 | T9: =IFERROR((D9/(D9+E9))*(F9/(F9+G9)),0) -> 0.12907059 | U9: =RANK(T9,T$2:T$132) -> 82 | V9: =IFERROR((B9/(B9+C9))*25,0)+IFERROR((D9/(D9+E9))*25,0)+IFERROR((F9/(F9+G9))*10,0)+H9+((J9-RMEAN)/RDEV)*5+((M9-PMEAN)/PDEV)*5+((DMEAN-R9)/DDEV)*7+((S9-TOMEAN)/TODEV)*3 -> -17.181004
A10: Army | B10: =SUMIF(Games!$A$2:$A$897,$A10,Games!$K$2:$K$897)+SUMIF(Games!$B$2:$B$897,$A10,Games!$L$2:$L$897) -> 6 | C10: =SUMIF(Games!$A$2:$A$897,$A10,Games!$L$2:$L$897)+SUMIF(Games!$B$2:$B$897,$A10,Games!$K$2:$K$897) -> 6 | D10: =SUMIF(Games!$A$2:$A$897,$A10,Games!$O$2:$O$897)+SUMIF(Games!$B$2:$B$897,$A10,Games!$M$2:$M$897) -> 85 | E10: =SUMIF(Games!$A$2:$A$897,$A10,Games!$P$2:$P$897)+SUMIF(Games!$B$2:$B$897,$A10,Games!$N$2:$N$897) -> 283 | F10: =SUMIF(Games!$A$2:$A$897,$A10,Games!$S$2:$S$897)+SUMIF(Games!$B$2:$B$897,$A10,Games!$Q$2:$Q$897) -> 2486 | G10: =SUMIF(Games!$A$2:$A$897,$A10,Games!$T$2:$T$897)+SUMIF(Games!$B$2:$B$897,$A10,Games!$R$2:$R$897) -> 3169 | H10: =SUMIF(Games!$A$2:$A$897,$A10,Games!$U$2:$U$897)+SUMIF(Games!$B$2:$B$897,$A10,Games!$V$2:$V$897) -> -9.1294818 | I10: =SUMIF(Games!$A$2:$A$897,$A10,Games!$E$2:$E$897)+SUMIF(Games!$B$2:$B$897,$A10,Games!$F$2:$F$897) -> 3469 | J10: =IFERROR(I10/(B10+C10),0) -> 289.08333 | K10: =SUMIF(Games!$A$2:$A$897,$A10,Games!$F$2:$F$897)+SUMIF(Games!$B$2:$B$897,$A10,Games!$E$2:$E$897) -> 2388 | L10: =SUMIF(Games!$A$2:$A$897,$A10,Games!$G$2:$G$897)+SUMIF(Games!$B$2:$B$897,$A10,Games!$H$2:$H$897) -> 924 | M10: =IFERROR(L10/(B10+C10),0) -> 77 | N10: =SUMIF(Games!$A$2:$A$897,$A10,Games!$H$2:$H$897)+SUMIF(Games!$B$2:$B$897,$A10,Games!$G$2:$G$897) -> 1920 | O10: =SUMIF(Games!$A$2:$A$897,$A10,Games!$I$2:$I$897)+SUMIF(Games!$B$2:$B$897,$A10,Games!$J$2:$J$897) -> 12 | P10: =SUMIF(Games!$A$2:$A$897,$A10,Games!$J$2:$J$897)+SUMIF(Games!$B$2:$B$897,$A10,Games!$I$2:$I$897) -> 16 | R10: =IFERROR((K10+N10)/(B10+C10),0) -> 359 | S10: =P10-O10 -> 4 | T10: =IFERROR((D10/(D10+E10))*(F10/(F10+G10)),0) -> 0.10154058 | U10: =RANK(T10,T$2:T$132) -> 128 | V10: =IFERROR((B10/(B10+C10))*25,0)+IFERROR((D10/(D10+E10))*25,0)+IFERROR((F10/(F10+G10))*10,0)+H10+((J10-RMEAN)/RDEV)*5+((M10-PMEAN)/PDEV)*5+((DMEAN-R10)/DDEV)*7+((S10-TOMEAN)/TODEV)*3 -> 17.350789
A11: Auburn | B11: =SUMIF(Games!$A$2:$A$897,$A11,Games!$K$2:$K$897)+SUMIF(Games!$B$2:$B$897,$A11,Games!$L$2:$L$897) -> 5 | C11: =SUMIF(Games!$A$2:$A$897,$A11,Games!$L$2:$L$897)+SUMIF(Games!$B$2:$B$897,$A11,Games!$K$2:$K$897) -> 7 | D11: =SUMIF(Games!$A$2:$A$897,$A11,Games!$O$2:$O$897)+SUMIF(Games!$B$2:$B$897,$A11,Games!$M$2:$M$897) -> 106 | E11: =SUMIF(Games!$A$2:$A$897,$A11,Games!$P$2:$P$897)+SUMIF(Games!$B$2:$B$897,$A11,Games!$N$2:$N$897) -> 159 | F11: =SUMIF(Games!$A$2:$A$897,$A11,Games!$S$2:$S$897)+SUMIF(Games!$B$2:$B$897,$A11,Games!$Q$2:$Q$897) -> 1870 | G11: =SUMIF(Games!$A$2:$A$897,$A11,Games!$T$2:$T$897)+SUMIF(Games!$B$2:$B$897,$A11,Games!$R$2:$R$897) -> 2597 | H11: =SUMIF(Games!$A$2:$A$897,$A11,Games!$U$2:$U$897)+SUMIF(Games!$B$2:$B$897,$A11,Games!$V$2:$V$897) -> -7.5364492 | I11: =SUMIF(Games!$A$2:$A$897,$A11,Games!$E$2:$E$897)+SUMIF(Games!$B$2:$B$897,$A11,Games!$F$2:$F$897) -> 2470 | J11: =IFERROR(I11/(B11+C11),0) -> 205.83333 | K11: =SUMIF(Games!$A$2:$A$897,$A11,Games!$F$2:$F$897)+SUMIF(Games!$B$2:$B$897,$A11,Games!$E$2:$E$897) -> 2082 | L11: =SUMIF(Games!$A$2:$A$897,$A11,Games!$G$2:$G$897)+SUMIF(Games!$B$2:$B$897,$A11,Games!$H$2:$H$897) -> 2072 | M11: =IFERROR(L11/(B11+C11),0) -> 172.66667 | N11: =SUMIF(Games!$A$2:$A$897,$A11,Games!$H$2:$H$897)+SUMIF(Games!$B$2:$B$897,$A11,Games!$G$2:$G$897) -> 2661 | O11: =SUMIF(Games!$A$2:$A$897,$A11,Games!$I$2:$I$897)+SUMIF(Games!$B$2:$B$897,$A11,Games!$J$2:$J$897) -> 22 | P11: =SUMIF(Games!$A$2:$A$897,$A11,Games!$J$2:$J$897)+SUMIF(Games!$B$2:$B$897,$A11,Games!$I$2:$I$897) -> 13 | R11: =IFERROR((K11+N11)/(B11+C11),0) -> 395.25 | S11: =P11-O11 -> -9 | T11: =IFERROR((D11/(D11+E11))*(F11/(F11+G11)),0) -> 0.16745019 | U11: =RANK(T11,T$2:T$132) -> 13 | V11: =IFERROR((B11/(B11+C11))*25,0)+IFERROR((D11/(D11+E11))*25,0)+IFERROR((F11/(F11+G11))*10,0)+H11+((J11-RMEAN)/RDEV)*5+((M11-PMEAN)/PDEV)*5+((DMEAN-R11)/DDEV)*7+((S11-TOMEAN)/TODEV)*3 -> 10.201416
A12: BYU | B12: =SUMIF(Games!$A$2:$A$897,$A12,Games!$K$2:$K$897)+SUMIF(Games!$B$2:$B$897,$A12,Games!$L$2:$L$897) -> 8 | C12: =SUMIF(Games!$A$2:$A$897,$A12,Games!$L$2:$L$897)+SUMIF(Games!$B$2:$B$897,$A12,Games!$K$2:$K$897) -> 5 | D12: =SUMIF(Games!$A$2:$A$897,$A12,Games!$O$2:$O$897)+SUMIF(Games!$B$2:$B$897,$A12,Games!$M$2:$M$897) -> 90 | E12: =SUMIF(Games!$A$2:$A$897,$A12,Games!$P$2:$P$897)+SUMIF(Games!$B$2:$B$897,$A12,Games!$N$2:$N$897) -> 185 | F12: =SUMIF(Games!$A$2:$A$897,$A12,Games!$S$2:$S$897)+SUMIF(Games!$B$2:$B$897,$A12,Games!$Q$2:$Q$897) -> 1923 | G12: =SUMIF(Games!$A$2:$A$897,$A12,Games!$T$2:$T$897)+SUMIF(Games!$B$2:$B$897,$A12,Games!$R$2:$R$897) -> 2787 | H12: =SUMIF(Games!$A$2:$A$897,$A12,Games!$U$2:$U$897)+SUMIF(Games!$B$2:$B$897,$A12,Games!$V$2:$V$897) -> -8.6999448 | I12: =SUMIF(Games!$A$2:$A$897,$A12,Games!$E$2:$E$897)+SUMIF(Games!$B$2:$B$897,$A12,Games!$F$2:$F$897) -> 2293 | J12: =IFERROR(I12/(B12+C12),0) -> 176.38462 | K12: =SUMIF(Games!$A$2:$A$897,$A12,Games!$F$2:$F$897)+SUMIF(Games!$B$2:$B$897,$A12,Games!$E$2:$E$897) -> 2245 | L12: =SUMIF(Games!$A$2:$A$897,$A12,Games!$G$2:$G$897)+SUMIF(Games!$B$2:$B$897,$A12,Games!$H$2:$H$897) -> 3246 | M12: =IFERROR(L12/(B12+C12),0) -> 249.69231 | N12: =SUMIF(Games!$A$2:$A$897,$A12,Games!$H$2:$H$897)+SUMIF(Games!$B$2:$B$897,$A12,Games!$G$2:$G$897) -> 3047 | O12: =SUMIF(Games!$A$2:$A$897,$A12,Games!$I$2:$I$897)+SUMIF(Games!$B$2:$B$897,$A12,Games!$J$2:$J$897) -> 10 | P12: =SUMIF(Games!$A$2:$A$897,$A12,Games!$J$2:$J$897)+SUMIF(Games!$B$2:$B$897,$A12,Games!$I$2:$I$897) -> 12 | R12: =IFERROR((K12+N12)/(B12+C12),0) -> 407.07692 | S12: =P12-O12 -> 2 | T12: =IFERROR((D12/(D12+E12))*(F12/(F12+G12)),0) -> 0.13361899 | U12: =RANK(T12,T$2:T$132) -> 68 | V12: =IFERROR((B12/(B12+C12))*25,0)+IFERROR((D12/(D12+E12))*25,0)+IFERROR((F12/(F12+G12))*10,0)+H12+((J12-RMEAN)/RDEV)*5+((M12-PMEAN)/PDEV)*5+((DMEAN-R12)/DDEV)*7+((S12-TOMEAN)/TODEV)*3 -> 19.365085
A13: Ball State | B13: =SUMIF(Games!$A$2:$A$897,$A13,Games!$K$2:$K$897)+SUMIF(Games!$B$2:$B$897,$A13,Games!$L$2:$L$897) -> 5 | C13: =SUMIF(Games!$A$2:$A$897,$A13,Games!$L$2:$L$897)+SUMIF(Games!$B$2:$B$897,$A13,Games!$K$2:$K$897) -> 7 | D13: =SUMIF(Games!$A$2:$A$897,$A13,Games!$O$2:$O$897)+SUMIF(Games!$B$2:$B$897,$A13,Games!$M$2:$M$897) -> 82 | E13: =SUMIF(Games!$A$2:$A$897,$A13,Games!$P$2:$P$897)+SUMIF(Games!$B$2:$B$897,$A13,Games!$N$2:$N$897) -> 179 | F13: =SUMIF(Games!$A$2:$A$897,$A13,Games!$S$2:$S$897)+SUMIF(Games!$B$2:$B$897,$A13,Games!$Q$2:$Q$897) -> 1726 | G13: =SUMIF(Games!$A$2:$A$897,$A13,Games!$T$2:$T$897)+SUMIF(Games!$B$2:$B$897,$A13,Games!$R$2:$R$897) -> 2773 | H13: =SUMIF(Games!$A$2:$A$897,$A13,Games!$U$2:$U$897)+SUMIF(Games!$B$2:$B$897,$A13,Games!$V$2:$V$897) -> -12.831629 | I13: =SUMIF(Games!$A$2:$A$897,$A13,Games!$E$2:$E$897)+SUMIF(Games!$B$2:$B$897,$A13,Games!$F$2:$F$897) -> 1893 | J13: =IFERROR(I13/(B13+C13),0) -> 157.75 | K13: =SUMIF(Games!$A$2:$A$897,$A13,Games!$F$2:$F$897)+SUMIF(Games!$B$2:$B$897,$A13,Games!$E$2:$E$897) -> 2208 | L13: =SUMIF(Games!$A$2:$A$897,$A13,Games!$G$2:$G$897)+SUMIF(Games!$B$2:$B$897,$A13,Games!$H$2:$H$897) -> 2738 | M13: =IFERROR(L13/(B13+C13),0) -> 228.16667 | N13: =SUMIF(Games!$A$2:$A$897,$A13,Games!$H$2:$H$897)+SUMIF(Games!$B$2:$B$897,$A13,Games!$G$2:$G$897) -> 2593 | O13: =SUMIF(Games!$A$2:$A$897,$A13,Games!$I$2:$I$897)+SUMIF(Games!$B$2:$B$897,$A13,Games!$J$2:$J$897) -> 21 | P13: =SUMIF(Games!$A$2:$A$897,$A13,Games!$J$2:$J$897)+SUMIF(Games!$B$2:$B$897,$A13,Games!$I$2:$I$897) -> 15 | R13: =IFERROR((K13+N13)/(B13+C13),0) -> 400.08333 | S13: =P13-O13 -> -6 | T13: =IFERROR((D13/(D13+E13))*(F13/(F13+G13)),0) -> 0.12053083 | U13: =RANK(T13,T$2:T$132) -> 104 | V13: =IFERROR((B13/(B13+C13))*25,0)+IFERROR((D13/(D13+E13))*25,0)+IFERROR((F13/(F13+G13))*10,0)+H13+((J13-RMEAN)/RDEV)*5+((M13-PMEAN)/PDEV)*5+((DMEAN-R13)/DDEV)*7+((S13-TOMEAN)/TODEV)*3 -> 3.0410381
... A132: Wyoming | B132: =SUMIF(Games!$A$2:$A$897,$A132,Games!$K$2:$K$897)+SUMIF(Games!$B$2:$B$897,$A132,Games!$L$2:$L$897) -> 7 | C132: =SUMIF(Games!$A$2:$A$897,$A132,Games!$L$2:$L$897)+SUMIF(Games!$B$2:$B$897,$A132,Games!$K$2:$K$897) -> 6 | D132: =SUMIF(Games!$A$2:$A$897,$A132,Games!$O$2:$O$897)+SUMIF(Games!$B$2:$B$897,$A132,Games!$M$2:$M$897) -> 90 | E132: =SUMIF(Games!$A$2:$A$897,$A132,Games!$P$2:$P$897)+SUMIF(Games!$B$2:$B$897,$A132,Games!$N$2:$N$897) -> 185 | F132: =SUMIF(Games!$A$2:$A$897,$A132,Games!$S$2:$S$897)+SUMIF(Games!$B$2:$B$897,$A132,Games!$Q$2:$Q$897) -> 1815 | G132: =SUMIF(Games!$A$2:$A$897,$A132,Games!$T$2:$T$897)+SUMIF(Games!$B$2:$B$897,$A132,Games!$R$2:$R$897) -> 2981 | H132: =SUMIF(Games!$A$2:$A$897,$A132,Games!$U$2:$U$897)+SUMIF(Games!$B$2:$B$897,$A132,Games!$V$2:$V$897) -> -18.979794 | I132: =SUMIF(Games!$A$2:$A$897,$A132,Games!$E$2:$E$897)+SUMIF(Games!$B$2:$B$897,$A132,Games!$F$2:$F$897) -> 2358 | J132: =IFERROR(I132/(B132+C132),0) -> 181.38462 | K132: =SUMIF(Games!$A$2:$A$897,$A132,Games!$F$2:$F$897)+SUMIF(Games!$B$2:$B$897,$A132,Games!$E$2:$E$897) -> 1997 | L132: =SUMIF(Games!$A$2:$A$897,$A132,Games!$G$2:$G$897)+SUMIF(Games!$B$2:$B$897,$A132,Games!$H$2:$H$897) -> 1719 | M132: =IFERROR(L132/(B132+C132),0) -> 132.23077 | N132: =SUMIF(Games!$A$2:$A$897,$A132,Games!$H$2:$H$897)+SUMIF(Games!$B$2:$B$897,$A132,Games!$G$2:$G$897) -> 2821 | O132: =SUMIF(Games!$A$2:$A$897,$A132,Games!$I$2:$I$897)+SUMIF(Games!$B$2:$B$897,$A132,Games!$J$2:$J$897) -> 15 | P132: =SUMIF(Games!$A$2:$A$897,$A132,Games!$J$2:$J$897)+SUMIF(Games!$B$2:$B$897,$A132,Games!$I$2:$I$897) -> 14 | R132: =IFERROR((K132+N132)/(B132+C132),0) -> 370.61538 | S132: =P132-O132 -> -1 | T132: =IFERROR((D132/(D132+E132))*(F132/(F132+G132)),0) -> 0.12385321 | U132: =RANK(T132,T$2:T$132) -> 90 | V132: =IFERROR((B132/(B132+C132))*25,0)+IFERROR((D132/(D132+E132))*25,0)+IFERROR((F132/(F132+G132))*10,0)+H132+((J132-RMEAN)/RDEV)*5+((M132-PMEAN)/PDEV)*5+((DMEAN-R132)/DDEV)*7+((S132-TOMEAN)/TODEV)*3 -> -0.13442127
A133: Non D1A | B133: =SUMIF(Games!$A$2:$A$897,$A133,Games!$K$2:$K$897)+SUMIF(Games!$B$2:$B$897,$A133,Games!$L$2:$L$897) -> 8 | C133: =SUMIF(Games!$A$2:$A$897,$A133,Games!$L$2:$L$897)+SUMIF(Games!$B$2:$B$897,$A133,Games!$K$2:$K$897) -> 112 | D133: =SUMIF(Games!$A$2:$A$897,$A133,Games!$O$2:$O$897)+SUMIF(Games!$B$2:$B$897,$A133,Games!$M$2:$M$897) -> 805 | E133: =SUMIF(Games!$A$2:$A$897,$A133,Games!$P$2:$P$897)+SUMIF(Games!$B$2:$B$897,$A133,Games!$N$2:$N$897) -> 725 | F133: =SUMIF(Games!$A$2:$A$897,$A133,Games!$S$2:$S$897)+SUMIF(Games!$B$2:$B$897,$A133,Games!$Q$2:$Q$897) -> 10699 | G133: =SUMIF(Games!$A$2:$A$897,$A133,Games!$T$2:$T$897)+SUMIF(Games!$B$2:$B$897,$A133,Games!$R$2:$R$897) -> 22627 | H133: =SUMIF(Games!$A$2:$A$897,$A133,Games!$U$2:$U$897)+SUMIF(Games!$B$2:$B$897,$A133,Games!$V$2:$V$897) -> -934.33749 | I133: =SUMIF(Games!$A$2:$A$897,$A133,Games!$E$2:$E$897)+SUMIF(Games!$B$2:$B$897,$A133,Games!$F$2:$F$897) -> 12100 | K133: =SUMIF(Games!$A$2:$A$897,$A133,Games!$F$2:$F$897)+SUMIF(Games!$B$2:$B$897,$A133,Games!$E$2:$E$897) -> 25446 | L133: =SUMIF(Games!$A$2:$A$897,$A133,Games!$G$2:$G$897)+SUMIF(Games!$B$2:$B$897,$A133,Games!$H$2:$H$897) -> 20971 | N133: =SUMIF(Games!$A$2:$A$897,$A133,Games!$H$2:$H$897)+SUMIF(Games!$B$2:$B$897,$A133,Games!$G$2:$G$897) -> 32369 | O133: =SUMIF(Games!$A$2:$A$897,$A133,Games!$I$2:$I$897)+SUMIF(Games!$B$2:$B$897,$A133,Games!$J$2:$J$897) -> 209 | P133: =SUMIF(Games!$A$2:$A$897,$A133,Games!$J$2:$J$897)+SUMIF(Games!$B$2:$B$897,$A133,Games!$I$2:$I$897) -> 139
A134: Mean | J134: =AVERAGE(J2:J132) -> 158.9186 | M134: =AVERAGE(M2:M132) -> 232.59309 | R134: =AVERAGE(R2:R132) -> 379.22447 | S134: =AVERAGE(S2:S132) -> 0.53435115
A135: StDev | J135: =STDEV(J2:J132) -> 45.267465 | M135: =STDEV(M2:M132) -> 52.471904 | R135: =STDEV(R2:R132) -> 51.546848 | S135: =STDEV(S2:S132) -> 6.8750359
A137: Mean and StDev cover FBS teams only; the pooled Non D1A row is excluded, as in the original workbooks.
